Player,Age,Team,Pos,G,GS,Att,Yds,TD,1D,Succ%,Lng,Y/A,Y/G,A/G,Fmb,Awards
Saquon Barkley,27.0,PHI,RB,16.0,16.0,345.0,2005.0,13.0,82.0,52.5,72.0,5.8,125.3,21.6,2.0,PB
Derrick Henry,30.0,BAL,RB,17.0,17.0,325.0,1921.0,16.0,94.0,58.8,87.0,5.9,113.0,19.1,3.0,PB
Kyren Williams,24.0,LAR,RB,16.0,16.0,316.0,1299.0,14.0,85.0,50.9,30.0,4.1,81.2,19.8,5.0,0
Bijan Robinson,22.0,ATL,RB,17.0,17.0,304.0,1456.0,14.0,82.0,60.2,37.0,4.8,85.6,17.9,1.0,0
Jonathan Taylor,25.0,IND,RB,14.0,13.0,303.0,1431.0,11.0,71.0,45.9,70.0,4.7,102.2,21.6,4.0,PB
Josh Jacobs,26.0,GNB,RB,17.0,17.0,301.0,1329.0,15.0,73.0,52.2,38.0,4.4,78.2,17.7,4.0,PB
Najee Harris,26.0,PIT,RB,17.0,17.0,263.0,1043.0,6.0,50.0,43.7,36.0,4.0,61.4,15.5,0.0,0
Tony Pollard,27.0,TEN,RB,16.0,16.0,260.0,1079.0,5.0,53.0,47.7,41.0,4.2,67.4,16.3,2.0,0
Aaron Jones,30.0,MIN,RB,17.0,17.0,255.0,1138.0,5.0,49.0,49.8,41.0,4.5,66.9,15.0,5.0,0
D'Andre Swift,25.0,CHI,RB,17.0,17.0,253.0,959.0,6.0,43.0,43.9,56.0,3.8,56.4,14.9,2.0,0
Jahmyr Gibbs,22.0,DET,RB,17.0,4.0,250.0,1412.0,16.0,70.0,53.6,70.0,5.6,83.1,14.7,1.0,PB
Chuba Hubbard,25.0,CAR,RB,15.0,15.0,250.0,1195.0,10.0,62.0,54.8,38.0,4.8,79.7,16.7,4.0,0
Joe Mixon,28.0,HOU,RB,14.0,14.0,245.0,1016.0,11.0,52.0,42.4,59.0,4.1,72.6,17.5,0.0,PB
James Conner,29.0,ARI,RB,16.0,16.0,236.0,1094.0,8.0,67.0,51.7,53.0,4.6,68.4,14.8,4.0,0
Rico Dowdle,26.0,DAL,RB,16.0,15.0,235.0,1079.0,2.0,53.0,53.6,27.0,4.6,67.4,14.7,3.0,0
Chase Brown,24.0,CIN,RB,16.0,10.0,229.0,990.0,7.0,49.0,52.4,40.0,4.3,61.9,14.3,2.0,0
Alvin Kamara,29.0,NOR,RB,14.0,14.0,228.0,950.0,6.0,52.0,51.3,24.0,4.2,67.9,16.3,1.0,0
Breece Hall,23.0,NYJ,RB,16.0,16.0,209.0,876.0,5.0,40.0,46.4,42.0,4.2,54.8,13.1,6.0,0
James Cook,25.0,BUF,RB,16.0,16.0,207.0,1009.0,16.0,48.0,53.1,65.0,4.9,63.1,12.9,1.0,0
Bucky Irving,22.0,TAM,RB,17.0,3.0,207.0,1122.0,8.0,52.0,55.1,56.0,5.4,66.0,12.2,2.0,0
Rhamondre Stevenson,26.0,NWE,RB,15.0,14.0,207.0,801.0,7.0,40.0,50.2,33.0,3.9,53.4,13.8,7.0,0
De'Von Achane,23.0,MIA,RB,17.0,16.0,203.0,907.0,6.0,37.0,49.3,61.0,4.5,53.4,11.9,1.0,0
Kareem Hunt,29.0,KAN,RB,13.0,8.0,200.0,728.0,7.0,42.0,55.5,20.0,3.6,56.0,15.4,0.0,0
J.K. Dobbins,26.0,LAC,RB,13.0,11.0,195.0,905.0,9.0,47.0,42.6,61.0,4.6,69.6,15.0,0.0,0
Tyrone Tracy Jr.,25.0,NYG,RB,17.0,12.0,192.0,839.0,5.0,39.0,44.3,45.0,4.4,49.4,11.3,5.0,0
Brian Robinson Jr.,25.0,WAS,RB,14.0,13.0,187.0,799.0,8.0,47.0,48.7,40.0,4.3,57.1,13.4,2.0,0
David Montgomery,27.0,DET,RB,14.0,14.0,185.0,775.0,12.0,50.0,55.1,21.0,4.2,55.4,13.2,2.0,0
Tank Bigsby,23.0,JAX,RB,16.0,1.0,168.0,766.0,7.0,39.0,49.4,65.0,4.6,47.9,10.5,4.0,0
Jordan Mason,25.0,SFO,RB,12.0,6.0,153.0,789.0,3.0,37.0,47.1,38.0,5.2,65.8,12.8,3.0,0
Kenneth Walker III,24.0,SEA,RB,11.0,11.0,153.0,573.0,7.0,28.0,44.4,28.0,3.7,52.1,13.9,1.0,0
Travis Etienne,25.0,JAX,RB,15.0,15.0,150.0,558.0,2.0,31.0,45.3,22.0,3.7,37.2,10.0,1.0,0
Jalen Hurts,26.0,PHI,QB,15.0,15.0,150.0,630.0,14.0,62.0,55.3,35.0,4.2,42.0,10.0,9.0,0
Jayden Daniels,24.0,WAS,QB,17.0,17.0,148.0,891.0,6.0,55.0,62.8,46.0,6.0,52.4,8.7,5.0,PB
Rachaad White,25.0,TAM,RB,16.0,15.0,144.0,613.0,3.0,35.0,50.7,56.0,4.3,38.3,9.0,3.0,0
Lamar Jackson,27.0,BAL,QB,17.0,17.0,139.0,915.0,4.0,47.0,56.1,48.0,6.6,53.8,8.2,10.0,PB
Javonte Williams,24.0,DEN,RB,17.0,11.0,139.0,513.0,4.0,30.0,46.8,20.0,3.7,30.2,8.2,2.0,0
Tyler Allgeier,24.0,ATL,RB,17.0,0.0,137.0,644.0,3.0,43.0,58.4,25.0,4.7,37.9,8.1,0.0,0
Zach Charbonnet,23.0,SEA,RB,17.0,6.0,135.0,569.0,8.0,32.0,47.4,51.0,4.2,33.5,7.9,0.0,0
Alexander Mattison,26.0,LVR,RB,14.0,7.0,132.0,420.0,4.0,25.0,35.6,24.0,3.2,30.0,9.4,1.0,0
Antonio Gibson,26.0,NWE,RB,17.0,3.0,120.0,538.0,1.0,24.0,45.0,45.0,4.5,31.6,7.1,2.0,0
Jaylen Warren,26.0,PIT,RB,15.0,0.0,120.0,511.0,1.0,28.0,50.0,22.0,4.3,34.1,8.0,2.0,0
Ray Davis,25.0,BUF,RB,17.0,0.0,113.0,442.0,3.0,25.0,45.1,23.0,3.9,26.0,6.6,0.0,0
Jaleel McLaughlin,24.0,DEN,RB,16.0,5.0,113.0,496.0,1.0,25.0,51.3,21.0,4.4,31.0,7.1,1.0,0
Devin Singletary,27.0,NYG,RB,15.0,5.0,113.0,437.0,4.0,24.0,47.8,43.0,3.9,29.1,7.5,2.0,0
Jerome Ford,25.0,CLE,RB,14.0,6.0,104.0,565.0,3.0,25.0,47.1,66.0,5.4,40.4,7.4,0.0,0
Cam Akers,25.0,2TM,RB,17.0,2.0,104.0,444.0,2.0,21.0,38.5,58.0,4.3,26.1,6.1,1.0,0
Cam Akers,25.0,HOU,RB,5.0,2.0,40.0,147.0,1.0,5.0,30.0,15.0,3.7,29.4,8.0,1.0,0
Cam Akers,25.0,MIN,RB,12.0,0.0,64.0,297.0,1.0,16.0,43.8,58.0,4.6,24.8,5.3,0.0,0
Emanuel Wilson,25.0,GNB,RB,17.0,0.0,103.0,502.0,4.0,27.0,59.2,21.0,4.9,29.5,6.1,0.0,0
Josh Allen,28.0,BUF,QB,17.0,17.0,102.0,531.0,12.0,52.0,64.7,30.0,5.2,31.2,6.0,5.0,PB
Nick Chubb,29.0,CLE,RB,8.0,8.0,102.0,332.0,3.0,17.0,41.2,19.0,3.3,41.5,12.8,1.0,0
Gus Edwards,29.0,LAC,RB,11.0,6.0,101.0,365.0,4.0,17.0,49.5,43.0,3.6,33.2,9.2,0.0,0
Braelon Allen,20.0,NYJ,RB,17.0,2.0,92.0,334.0,2.0,22.0,51.1,20.0,3.6,19.6,5.4,0.0,0
Bo Nix,24.0,DEN,QB,17.0,17.0,92.0,430.0,4.0,41.0,53.3,32.0,4.7,25.3,5.4,3.0,0
Anthony Richardson,22.0,IND,QB,11.0,11.0,86.0,499.0,6.0,34.0,58.1,29.0,5.8,45.4,7.8,9.0,0
Raheem Mostert,32.0,MIA,RB,13.0,1.0,85.0,278.0,2.0,13.0,37.6,21.0,3.3,21.4,6.5,2.0,0
Isaac Guerendo,24.0,SFO,RB,16.0,3.0,84.0,420.0,4.0,18.0,47.6,76.0,5.0,26.3,5.3,3.0,0
Tyjae Spears,23.0,TEN,RB,12.0,1.0,84.0,312.0,4.0,19.0,46.4,23.0,3.7,26.0,7.0,1.0,0
Isiah Pacheco,25.0,KAN,RB,7.0,6.0,83.0,310.0,1.0,14.0,53.0,34.0,3.7,44.3,11.9,0.0,0
Caleb Williams,23.0,CHI,QB,17.0,17.0,81.0,489.0,0.0,27.0,51.9,24.0,6.0,28.8,4.8,10.0,0
Kyler Murray,27.0,ARI,QB,17.0,17.0,78.0,572.0,5.0,27.0,52.6,50.0,7.3,33.6,4.6,8.0,0
Austin Ekeler,29.0,WAS,RB,12.0,6.0,77.0,367.0,4.0,19.0,51.9,50.0,4.8,30.6,6.4,3.0,0
Audric Estime,21.0,DEN,RB,13.0,1.0,76.0,310.0,2.0,15.0,51.3,21.0,4.1,23.8,5.8,2.0,0
Kenneth Gainwell,25.0,PHI,RB,17.0,1.0,75.0,290.0,1.0,12.0,24.0,20.0,3.9,17.1,4.4,0.0,0
Ezekiel Elliott,29.0,DAL,RB,15.0,2.0,74.0,226.0,3.0,14.0,43.2,11.0,3.1,15.1,4.9,1.0,0
Zack Moss,27.0,CIN,RB,8.0,6.0,74.0,242.0,2.0,13.0,36.5,16.0,3.3,30.3,9.3,2.0,0
D'Onta Foreman,28.0,CLE,RB,11.0,3.0,71.0,232.0,0.0,10.0,39.4,25.0,3.3,21.1,6.5,2.0,0
Justin Herbert,26.0,LAC,QB,17.0,17.0,69.0,306.0,2.0,23.0,46.4,41.0,4.4,18.0,4.1,6.0,0
Jaylen Wright,21.0,MIA,RB,15.0,1.0,68.0,249.0,0.0,11.0,39.7,20.0,3.7,16.6,4.5,1.0,0
Sam Darnold,27.0,MIN,QB,17.0,17.0,67.0,212.0,1.0,23.0,41.8,19.0,3.2,12.5,3.9,8.0,PB
Daniel Jones,27.0,NYG,QB,10.0,10.0,67.0,265.0,2.0,26.0,59.7,24.0,4.0,26.5,6.7,4.0,0
Ameer Abdullah,31.0,LVR,RB,16.0,3.0,66.0,311.0,2.0,14.0,50.0,40.0,4.7,19.4,4.1,2.0,0
Brock Purdy,25.0,SFO,QB,15.0,15.0,66.0,323.0,5.0,33.0,63.6,16.0,4.9,21.5,4.4,7.0,0
Zamir White,25.0,LVR,RB,8.0,5.0,65.0,183.0,1.0,4.0,26.2,17.0,2.8,22.9,8.1,2.0,0
Trey Benson,21.0,ARI,RB,13.0,1.0,63.0,291.0,1.0,16.0,49.2,20.0,4.6,22.4,4.8,1.0,0
Justin Fields,25.0,PIT,QB,10.0,6.0,62.0,289.0,5.0,19.0,54.8,30.0,4.7,28.9,6.2,6.0,0
Baker Mayfield,29.0,TAM,QB,17.0,17.0,60.0,378.0,3.0,24.0,51.7,28.0,6.3,22.2,3.5,13.0,0
Blake Corum,24.0,LAR,RB,17.0,1.0,58.0,207.0,0.0,12.0,43.1,12.0,3.6,12.2,3.4,0.0,0
Patrick Mahomes,29.0,KAN,QB,16.0,16.0,58.0,307.0,2.0,22.0,50.0,33.0,5.3,19.2,3.6,2.0,0
Ty Chandler,26.0,MIN,RB,17.0,0.0,56.0,182.0,0.0,9.0,37.5,25.0,3.3,10.7,3.3,0.0,0
Trey Sermon,25.0,IND,RB,17.0,3.0,56.0,159.0,2.0,14.0,44.6,17.0,2.8,9.4,3.3,0.0,0
Carson Steele,22.0,KAN,RB,17.0,3.0,56.0,183.0,0.0,14.0,55.4,9.0,3.3,10.8,3.3,3.0,0
Roschon Johnson,23.0,CHI,RB,14.0,0.0,55.0,150.0,6.0,17.0,56.4,9.0,2.7,10.7,3.9,0.0,0
Jeremy McNichols,29.0,WAS,RB,17.0,1.0,55.0,261.0,4.0,15.0,58.2,28.0,4.7,15.4,3.2,0.0,0
Miles Sanders,27.0,CAR,RB,11.0,2.0,55.0,205.0,2.0,12.0,45.5,26.0,3.7,18.6,5.0,1.0,0
Drake Maye,22.0,NWE,QB,13.0,12.0,54.0,421.0,2.0,22.0,64.8,41.0,7.8,32.4,4.2,9.0,0
Geno Smith,34.0,SEA,QB,17.0,17.0,53.0,272.0,2.0,17.0,35.8,34.0,5.1,16.0,3.1,9.0,0
C.J. Stroud,23.0,HOU,QB,17.0,17.0,52.0,233.0,0.0,14.0,38.5,25.0,4.5,13.7,3.1,6.0,0
Christian McCaffrey,28.0,SFO,RB,4.0,4.0,50.0,202.0,0.0,12.0,44.0,19.0,4.0,50.5,12.5,1.0,0
Sean Tucker,23.0,TAM,RB,17.0,0.0,50.0,308.0,2.0,17.0,56.0,36.0,6.2,18.1,2.9,1.0,0
Jamaal Williams,29.0,NOR,RB,14.0,1.0,48.0,164.0,1.0,11.0,47.9,14.0,3.4,11.7,3.4,0.0,0
Justice Hill,27.0,BAL,RB,15.0,0.0,47.0,228.0,1.0,14.0,44.7,51.0,4.9,15.2,3.1,0.0,0
Will Levis,25.0,TEN,QB,12.0,12.0,45.0,183.0,0.0,20.0,48.9,21.0,4.1,15.3,3.8,10.0,0
Kimani Vidal,23.0,LAC,RB,10.0,0.0,43.0,155.0,0.0,7.0,32.6,19.0,3.6,15.5,4.3,1.0,0
Russell Wilson,36.0,PIT,QB,11.0,11.0,43.0,155.0,2.0,16.0,46.5,19.0,3.6,14.1,3.9,5.0,0
Bryce Young,23.0,CAR,QB,14.0,12.0,43.0,249.0,6.0,15.0,53.5,34.0,5.8,17.8,3.1,5.0,0
Joe Burrow,28.0,CIN,QB,17.0,17.0,42.0,201.0,2.0,16.0,47.6,47.0,4.8,11.8,2.5,11.0,PB
Deebo Samuel,28.0,SFO,WR,15.0,15.0,42.0,136.0,1.0,5.0,45.2,13.0,3.2,9.1,2.8,2.0,0
Ty Johnson,27.0,BUF,RB,17.0,1.0,41.0,213.0,1.0,13.0,65.9,19.0,5.2,12.5,2.4,0.0,0
Dameon Pierce,24.0,HOU,RB,11.0,0.0,40.0,293.0,2.0,7.0,42.5,92.0,7.3,26.6,3.6,1.0,0
Taysom Hill,34.0,NOR,TE,8.0,8.0,39.0,278.0,6.0,18.0,64.1,75.0,7.1,34.8,4.9,1.0,0
Sincere McCormick,24.0,LVR,RB,5.0,2.0,39.0,183.0,0.0,10.0,53.8,29.0,4.7,36.6,7.8,0.0,0
Kendre Miller,22.0,NOR,RB,6.0,2.0,39.0,148.0,1.0,11.0,48.7,17.0,3.8,24.7,6.5,0.0,0
Patrick Taylor,26.0,SFO,RB,13.0,1.0,39.0,183.0,1.0,11.0,53.8,29.0,4.7,14.1,3.0,0.0,0
Chris Brooks,24.0,GNB,RB,15.0,0.0,36.0,183.0,1.0,12.0,55.6,23.0,5.1,12.2,2.4,0.0,0
Khalil Herbert,26.0,2TM,RB,14.0,1.0,36.0,130.0,1.0,10.0,55.6,14.0,3.6,9.3,2.6,1.0,0
Khalil Herbert,26.0,CHI,RB,6.0,0.0,8.0,16.0,1.0,3.0,62.5,6.0,2.0,2.7,1.3,0.0,0
Khalil Herbert,26.0,CIN,RB,8.0,1.0,28.0,114.0,0.0,7.0,53.6,14.0,4.1,14.3,3.5,1.0,0
Michael Carter,25.0,ARI,RB,3.0,1.0,35.0,131.0,1.0,9.0,57.1,13.0,3.7,43.7,11.7,0.0,0
Jared Goff,30.0,DET,QB,17.0,17.0,35.0,56.0,0.0,9.0,34.3,10.0,1.6,3.3,2.1,6.0,PB
Chris Rodriguez,24.0,WAS,RB,9.0,0.0,35.0,173.0,2.0,10.0,74.3,25.0,4.9,19.2,3.9,0.0,0
Hassan Haskins,25.0,LAC,RB,17.0,0.0,34.0,89.0,2.0,13.0,50.0,12.0,2.6,5.2,2.0,1.0,0
Tyler Goodson,24.0,IND,RB,16.0,0.0,32.0,153.0,1.0,6.0,46.9,33.0,4.8,9.6,2.0,0.0,0
D'Ernest Johnson,28.0,JAX,RB,14.0,1.0,32.0,143.0,0.0,7.0,50.0,22.0,4.5,10.2,2.3,0.0,0
Cordarrelle Patterson,33.0,PIT,RB,13.0,1.0,32.0,135.0,0.0,7.0,43.8,14.0,4.2,10.4,2.5,1.0,0
Kenny McIntosh,24.0,SEA,RB,17.0,0.0,31.0,172.0,0.0,8.0,51.6,25.0,5.5,10.1,1.8,0.0,0
Craig Reynolds,28.0,DET,RB,17.0,0.0,31.0,139.0,0.0,6.0,54.8,19.0,4.5,8.2,1.8,1.0,0
Deshaun Watson,29.0,CLE,QB,7.0,7.0,31.0,148.0,1.0,8.0,41.9,16.0,4.8,21.1,4.4,5.0,0
Isaiah Davis,22.0,NYJ,RB,17.0,0.0,30.0,174.0,1.0,10.0,63.3,20.0,5.8,10.2,1.8,0.0,0
Dare Ogunbowale,30.0,HOU,RB,17.0,1.0,30.0,112.0,0.0,5.0,36.7,35.0,3.7,6.6,1.8,0.0,0
Will Shipley,22.0,PHI,RB,16.0,1.0,30.0,82.0,0.0,2.0,26.7,9.0,2.7,5.1,1.9,0.0,0
Matthew Stafford,36.0,LAR,QB,16.0,16.0,30.0,41.0,0.0,10.0,36.7,15.0,1.4,2.6,1.9,6.0,0
Mac Jones,26.0,JAX,QB,10.0,7.0,28.0,92.0,1.0,12.0,50.0,13.0,3.3,9.2,2.8,2.0,0
Tyler Huntley,26.0,MIA,QB,5.0,5.0,26.0,135.0,2.0,10.0,50.0,20.0,5.2,27.0,5.2,6.0,0
Trevor Lawrence,25.0,JAX,QB,10.0,10.0,26.0,119.0,3.0,13.0,57.7,33.0,4.6,11.9,2.6,3.0,0
Cooper Rush,31.0,DAL,QB,12.0,8.0,26.0,18.0,0.0,5.0,26.9,9.0,0.7,1.5,2.2,9.0,0
Pierre Strong,26.0,CLE,RB,14.0,0.0,26.0,108.0,0.0,6.0,46.2,19.0,4.2,7.7,1.9,0.0,0
Jordan Love,26.0,GNB,QB,15.0,15.0,25.0,83.0,1.0,9.0,44.0,14.0,3.3,5.5,1.7,4.0,0
Mason Rudolph,29.0,TEN,QB,8.0,5.0,25.0,106.0,1.0,13.0,60.0,14.0,4.2,13.3,3.1,5.0,0
Jameis Winston,30.0,CLE,QB,12.0,7.0,25.0,83.0,1.0,17.0,76.0,13.0,3.3,6.9,2.1,5.0,0
Emari Demercado,25.0,ARI,RB,13.0,0.0,24.0,223.0,1.0,8.0,50.0,53.0,9.3,17.2,1.8,0.0,0
Kirk Cousins,36.0,ATL,QB,14.0,14.0,23.0,0.0,0.0,2.0,13.0,0.0,0.0,0.0,1.6,13.0,0
Julius Chestnut,24.0,TEN,RB,17.0,0.0,22.0,102.0,0.0,2.0,45.5,12.0,4.6,6.0,1.3,0.0,0
Ronnie Rivers,25.0,LAR,RB,17.0,0.0,22.0,99.0,0.0,6.0,54.5,12.0,4.5,5.8,1.3,0.0,0
Aaron Rodgers,41.0,NYJ,QB,17.0,17.0,22.0,107.0,0.0,7.0,40.9,18.0,4.9,6.3,1.3,5.0,0
Aidan O'Connell,26.0,LVR,QB,9.0,7.0,21.0,30.0,1.0,10.0,52.4,13.0,1.4,3.3,2.3,2.0,0
Dorian Thompson-Robinson,25.0,CLE,QB,7.0,2.0,21.0,122.0,0.0,9.0,61.9,34.0,5.8,17.4,3.0,3.0,0
Jamycal Hasty,28.0,NWE,RB,15.0,0.0,20.0,69.0,0.0,4.0,45.0,15.0,3.5,4.6,1.3,0.0,0
Jordan Mims,25.0,NOR,RB,11.0,0.0,20.0,70.0,0.0,2.0,40.0,9.0,3.5,6.4,1.8,0.0,0
Samaje Perine,29.0,KAN,RB,17.0,0.0,20.0,92.0,1.0,7.0,55.0,13.0,4.6,5.4,1.2,0.0,0
Jayden Reed,24.0,GNB,WR,17.0,10.0,20.0,163.0,1.0,7.0,65.0,33.0,8.2,9.6,1.2,3.0,0
Malik Willis,25.0,GNB,QB,7.0,2.0,20.0,138.0,1.0,6.0,50.0,29.0,6.9,19.7,2.9,1.0,0
Xavier Worthy,21.0,KAN,WR,17.0,13.0,20.0,104.0,3.0,4.0,75.0,21.0,5.2,6.1,1.2,0.0,0
Gardner Minshew II,28.0,LVR,QB,10.0,9.0,19.0,58.0,0.0,5.0,36.8,11.0,3.1,5.8,1.9,6.0,0
Drew Lock,28.0,NYG,QB,8.0,5.0,18.0,133.0,2.0,9.0,50.0,28.0,7.4,16.6,2.3,5.0,0
Marcus Mariota,31.0,WAS,QB,3.0,0.0,18.0,92.0,1.0,6.0,50.0,33.0,5.1,30.7,6.0,0.0,0
Spencer Rattler,24.0,NOR,QB,7.0,6.0,18.0,146.0,0.0,7.0,72.2,28.0,8.1,20.9,2.6,5.0,0
Derek Carr,33.0,NOR,QB,10.0,10.0,17.0,71.0,1.0,4.0,52.9,13.0,4.2,7.1,1.7,3.0,0
Tua Tagovailoa,26.0,MIA,QB,11.0,11.0,17.0,49.0,0.0,5.0,41.2,13.0,2.9,4.5,1.5,7.0,0
Mitchell Trubisky,30.0,BUF,QB,9.0,0.0,17.0,1.0,0.0,1.0,11.8,8.0,0.1,0.1,1.9,1.0,0
Deuce Vaughn,23.0,DAL,RB,7.0,0.0,17.0,70.0,0.0,2.0,41.2,12.0,4.1,10.0,2.4,0.0,0
KaVontae Turpin,28.0,DAL,WR,17.0,2.0,16.0,92.0,0.0,6.0,56.3,16.0,5.8,5.4,0.9,3.0,0
Jeff Wilson,29.0,MIA,RB,9.0,0.0,16.0,57.0,0.0,3.0,43.8,14.0,3.6,6.3,1.8,0.0,0
Raheem Blackshear,25.0,CAR,RB,16.0,1.0,15.0,80.0,0.0,2.0,46.7,26.0,5.3,5.0,0.9,2.0,0
Jacoby Brissett,32.0,NWE,QB,8.0,5.0,15.0,62.0,0.0,5.0,53.3,16.0,4.1,7.8,1.9,4.0,0
Keaton Mitchell,22.0,BAL,RB,5.0,0.0,15.0,30.0,0.0,2.0,40.0,7.0,2.0,6.0,3.0,0.0,0
Eric Gray,25.0,NYG,RB,17.0,0.0,14.0,31.0,0.0,1.0,28.6,6.0,2.2,1.8,0.8,3.0,0
CeeDee Lamb,25.0,DAL,WR,15.0,15.0,14.0,70.0,0.0,4.0,42.9,18.0,5.0,4.7,0.9,1.0,PB
D.J. Moore,27.0,CHI,WR,17.0,17.0,14.0,75.0,0.0,3.0,71.4,14.0,5.4,4.4,0.8,1.0,0
Mike Boone,29.0,CAR,RB,6.0,0.0,13.0,51.0,0.0,3.0,61.5,9.0,3.9,8.5,2.2,0.0,0
Clyde Edwards-Helaire,25.0,NOR,RB,2.0,0.0,13.0,46.0,0.0,2.0,46.2,12.0,3.5,23.0,6.5,0.0,0
Terrell Jennings,23.0,NWE,RB,3.0,0.0,13.0,33.0,0.0,0.0,23.1,7.0,2.5,11.0,4.3,0.0,0
Jase McClellan,22.0,ATL,RB,2.0,0.0,13.0,32.0,0.0,2.0,46.2,8.0,2.5,16.0,6.5,0.0,0
Marvin Mims,22.0,DEN,WR,17.0,2.0,13.0,42.0,0.0,3.0,38.5,17.0,3.2,2.5,0.8,1.0,0
Dak Prescott,31.0,DAL,QB,8.0,8.0,13.0,54.0,1.0,5.0,61.5,22.0,4.2,6.8,1.6,4.0,0
Derius Davis,24.0,LAC,WR,15.0,2.0,12.0,39.0,0.0,2.0,50.0,10.0,3.3,2.6,0.8,3.0,0
Hunter Luepke,24.0,DAL,RB,16.0,4.0,12.0,38.0,0.0,6.0,50.0,10.0,3.2,2.4,0.8,0.0,0
Tyler Badie,24.0,DEN,RB,3.0,0.0,11.0,86.0,0.0,4.0,54.5,43.0,7.8,28.7,3.7,1.0,0
Andy Dalton,37.0,CAR,QB,6.0,5.0,11.0,34.0,0.0,2.0,36.4,18.0,3.1,5.7,1.8,2.0,0
Jake Haener,25.0,NOR,QB,8.0,1.0,11.0,22.0,0.0,0.0,18.2,9.0,2.0,2.8,1.4,0.0,0
Trey Lance,24.0,DAL,QB,4.0,1.0,11.0,41.0,0.0,3.0,45.5,11.0,3.7,10.3,2.8,0.0,0
Puka Nacua,23.0,LAR,WR,11.0,11.0,11.0,46.0,1.0,2.0,63.6,9.0,4.2,4.2,1.0,0.0,0
Jameson Williams,23.0,DET,WR,15.0,11.0,11.0,61.0,1.0,5.0,63.6,15.0,5.5,4.1,0.7,0.0,0
Rasheen Ali,23.0,BAL,RB,6.0,0.0,10.0,31.0,0.0,2.0,40.0,9.0,3.1,5.2,1.7,0.0,0
Alec Ingold,28.0,MIA,FB,15.0,10.0,10.0,17.0,1.0,6.0,60.0,6.0,1.7,1.1,0.7,2.0,0
Ray-Ray McCloud,28.0,ATL,WR,17.0,13.0,10.0,79.0,0.0,3.0,60.0,20.0,7.9,4.6,0.6,4.0,0
Joe Milton,24.0,NWE,QB,1.0,0.0,10.0,16.0,1.0,4.0,50.0,9.0,1.6,16.0,10.0,1.0,0
J.J. Taylor,26.0,HOU,RB,5.0,0.0,10.0,44.0,0.0,1.0,50.0,9.0,4.4,8.8,2.0,0.0,0
Jonathon Brooks,21.0,CAR,RB,3.0,1.0,9.0,22.0,0.0,0.0,33.3,9.0,2.4,7.3,3.0,0.0,0
DeeJay Dallas,26.0,ARI,RB,17.0,0.0,9.0,49.0,0.0,4.0,66.7,22.0,5.4,2.9,0.5,1.0,0
Tank Dell,25.0,HOU,WR,14.0,10.0,9.0,43.0,0.0,3.0,33.3,18.0,4.8,3.1,0.6,0.0,0
Joshua Dobbs,29.0,SFO,QB,2.0,1.0,9.0,24.0,2.0,2.0,33.3,8.0,2.7,12.0,4.5,2.0,0
Joe Flacco,39.0,IND,QB,8.0,6.0,9.0,26.0,0.0,2.0,22.2,21.0,2.9,3.3,1.1,4.0,0
Zay Flowers,24.0,BAL,WR,17.0,15.0,9.0,56.0,0.0,1.0,55.6,19.0,6.2,3.3,0.5,0.0,PB
Kenny Pickett,26.0,PHI,QB,5.0,1.0,9.0,15.0,1.0,3.0,33.3,8.0,1.7,3.0,1.8,1.0,0
Desmond Ridder,25.0,LVR,QB,6.0,1.0,9.0,36.0,0.0,2.0,44.4,11.0,4.0,6.0,1.5,3.0,0
Tre Tucker,23.0,LVR,WR,17.0,14.0,9.0,44.0,1.0,3.0,66.7,11.0,4.9,2.6,0.5,0.0,0
Dalvin Cook,29.0,DAL,RB,2.0,0.0,8.0,20.0,0.0,0.0,37.5,4.0,2.5,10.0,4.0,0.0,0
Tommy DeVito,26.0,NYG,QB,3.0,2.0,8.0,32.0,0.0,1.0,25.0,17.0,4.0,10.7,2.7,0.0,0
Tyreek Hill,30.0,MIA,WR,17.0,17.0,8.0,53.0,0.0,2.0,62.5,16.0,6.6,3.1,0.5,0.0,0
Bo Melton,25.0,GNB,WR,17.0,0.0,8.0,54.0,0.0,4.0,62.5,16.0,6.8,3.2,0.5,0.0,0
Calvin Ridley,30.0,TEN,WR,17.0,14.0,8.0,55.0,1.0,3.0,75.0,19.0,6.9,3.2,0.5,1.0,0
Sterling Shepard,31.0,TAM,WR,14.0,5.0,8.0,69.0,0.0,4.0,62.5,24.0,8.6,4.9,0.6,0.0,0
Michael Burton,32.0,DEN,FB,17.0,2.0,7.0,8.0,1.0,3.0,57.1,3.0,1.1,0.5,0.4,0.0,0
Michael Penix,24.0,ATL,QB,5.0,3.0,7.0,11.0,1.0,1.0,14.3,5.0,1.6,2.2,1.4,2.0,0
Clayton Tune,25.0,ARI,QB,6.0,0.0,7.0,-4.0,0.0,2.0,28.6,2.0,-0.6,-0.7,1.2,1.0,0
Tyson Bagent,24.0,CHI,QB,4.0,0.0,6.0,-7.0,0.0,0.0,0.0,0.0,-1.2,-1.8,1.5,0.0,0
Travis Homer,26.0,CHI,RB,10.0,0.0,6.0,23.0,0.0,2.0,66.7,6.0,3.8,2.3,0.6,0.0,0
Jermar Jefferson,24.0,DET,RB,2.0,0.0,6.0,22.0,0.0,1.0,83.3,8.0,3.7,11.0,3.0,0.0,0
Xavier Legette,23.0,CAR,WR,16.0,13.0,6.0,24.0,0.0,2.0,50.0,8.0,4.0,1.5,0.4,0.0,0
MarShawn Lloyd,23.0,GNB,RB,1.0,0.0,6.0,15.0,0.0,0.0,16.7,5.0,2.5,15.0,6.0,0.0,0
Rashid Shaheed,26.0,NOR,WR,6.0,5.0,6.0,29.0,0.0,2.0,50.0,13.0,4.8,4.8,1.0,1.0,0
Aaron Shampklin,25.0,PIT,RB,3.0,0.0,6.0,17.0,0.0,1.0,16.7,5.0,2.8,5.7,2.0,0.0,0
Brian Thomas,22.0,JAX,WR,17.0,16.0,6.0,48.0,0.0,3.0,66.7,18.0,8.0,2.8,0.4,0.0,0
Sione Vaki,23.0,DET,RB,16.0,0.0,6.0,14.0,0.0,0.0,33.3,7.0,2.3,0.9,0.4,0.0,0
Brock Bowers,22.0,LVR,TE,17.0,16.0,5.0,13.0,0.0,2.0,60.0,12.0,2.6,0.8,0.3,0.0,PB
Chris Collier,24.0,LVR,RB,3.0,0.0,5.0,12.0,0.0,0.0,20.0,4.0,2.4,4.0,1.7,0.0,0
Greg Dortch,26.0,ARI,WR,17.0,4.0,5.0,31.0,0.0,1.0,100.0,8.0,6.2,1.8,0.3,3.0,0
Ashton Dulin,27.0,IND,WR,15.0,2.0,5.0,45.0,0.0,2.0,100.0,12.0,9.0,3.0,0.3,0.0,0
Mecole Hardman,26.0,KAN,WR,12.0,0.0,5.0,62.0,1.0,2.0,100.0,20.0,12.4,5.2,0.4,0.0,0
Hendon Hooker,26.0,DET,QB,3.0,0.0,5.0,2.0,0.0,1.0,20.0,3.0,0.4,0.7,1.7,0.0,0
Kyle Juszczyk,33.0,SFO,FB,17.0,15.0,5.0,26.0,1.0,1.0,20.0,14.0,5.2,1.5,0.3,1.0,PB
Jacob Kibodi,26.0,CLE,RB,1.0,0.0,5.0,24.0,0.0,1.0,20.0,17.0,4.8,24.0,5.0,0.0,0
Tanner McKee,24.0,PHI,QB,2.0,1.0,5.0,-1.0,0.0,1.0,20.0,2.0,-0.2,-0.5,2.5,0.0,0
Malik Nabers,21.0,NYG,WR,15.0,13.0,5.0,2.0,0.0,1.0,40.0,4.0,0.4,0.1,0.3,1.0,0
Curtis Samuel,28.0,BUF,WR,14.0,2.0,5.0,14.0,0.0,0.0,40.0,7.0,2.8,1.0,0.4,0.0,0
Jaxon Smith-Njigba,22.0,SEA,WR,17.0,16.0,5.0,26.0,0.0,1.0,60.0,8.0,5.2,1.5,0.3,1.0,0
Kyle Trask,26.0,TAM,QB,4.0,0.0,5.0,-4.0,0.0,0.0,0.0,0.0,-0.8,-1.0,1.3,0.0,0
DJ Turner,27.0,LVR,WR,12.0,6.0,5.0,33.0,1.0,1.0,60.0,18.0,6.6,2.8,0.4,1.0,0
Jonathan Ward,27.0,PIT,RB,4.0,0.0,5.0,22.0,0.0,1.0,60.0,7.0,4.4,5.5,1.3,0.0,0
Malik Washington,23.0,MIA,WR,14.0,3.0,5.0,25.0,1.0,1.0,60.0,18.0,5.0,1.8,0.4,1.0,0
Mark Andrews,29.0,BAL,TE,17.0,13.0,4.0,5.0,0.0,3.0,75.0,2.0,1.3,0.3,0.2,0.0,0
Devin Duvernay,27.0,JAX,WR,13.0,1.0,4.0,3.0,0.0,1.0,50.0,4.0,0.8,0.2,0.3,1.0,0
Josh Johnson,38.0,BAL,QB,6.0,0.0,4.0,1.0,0.0,0.0,0.0,2.0,0.3,0.2,0.7,0.0,0
Tony Jones,27.0,ARI,RB,1.0,0.0,4.0,55.0,1.0,1.0,50.0,46.0,13.8,55.0,4.0,0.0,0
Jalen McMillan,23.0,TAM,WR,13.0,12.0,4.0,43.0,0.0,3.0,100.0,17.0,10.8,3.3,0.3,0.0,0
Adonai Mitchell,22.0,IND,WR,17.0,7.0,4.0,6.0,0.0,1.0,50.0,10.0,1.5,0.4,0.2,2.0,0
Xavier Smith,27.0,LAR,WR,15.0,0.0,4.0,36.0,0.0,1.0,75.0,24.0,9.0,2.4,0.3,0.0,0
Jarrett Stidham,28.0,DEN,QB,3.0,0.0,4.0,5.0,0.0,1.0,25.0,8.0,1.3,1.7,1.3,0.0,0
Jaylen Waddle,26.0,MIA,WR,15.0,15.0,4.0,12.0,0.0,1.0,75.0,6.0,3.0,0.8,0.3,0.0,0
Blake Watson,25.0,DEN,RB,2.0,0.0,4.0,10.0,0.0,2.0,75.0,7.0,2.5,5.0,2.0,0.0,0
Christian Watson,25.0,GNB,WR,15.0,15.0,4.0,23.0,0.0,1.0,75.0,14.0,5.8,1.5,0.3,1.0,0
Jordan Addison,22.0,MIN,WR,15.0,15.0,3.0,20.0,1.0,1.0,100.0,9.0,6.7,1.3,0.2,0.0,0
Brandon Allen,32.0,SFO,QB,3.0,1.0,3.0,4.0,0.0,0.0,0.0,6.0,1.3,1.3,1.0,2.0,0
Dyami Brown,25.0,WAS,WR,16.0,3.0,3.0,26.0,0.0,1.0,100.0,14.0,8.7,1.6,0.2,1.0,0
Ja'Marr Chase,24.0,CIN,WR,17.0,16.0,3.0,32.0,0.0,2.0,100.0,14.0,10.7,1.9,0.2,0.0,PB
Brandin Cooks,31.0,DAL,WR,10.0,9.0,3.0,-3.0,0.0,0.0,33.3,5.0,-1.0,-0.3,0.3,0.0,0
Tyrion Davis-Price,24.0,PHI,RB,1.0,0.0,3.0,7.0,0.0,0.0,0.0,5.0,2.3,7.0,3.0,0.0,0
Stefon Diggs,31.0,HOU,WR,8.0,8.0,3.0,8.0,1.0,1.0,66.7,6.0,2.7,1.0,0.4,0.0,0
Demario Douglas,24.0,NWE,WR,17.0,7.0,3.0,16.0,0.0,0.0,66.7,9.0,5.3,0.9,0.2,1.0,0
Darrynton Evans,26.0,CHI,RB,5.0,0.0,3.0,3.0,0.0,0.0,33.3,4.0,1.0,0.6,0.6,0.0,0
Myles Gaskin,27.0,MIN,RB,5.0,0.0,3.0,-1.0,0.0,0.0,0.0,2.0,-0.3,-0.2,0.6,0.0,0
Reggie Gilliam,27.0,BUF,FB,15.0,0.0,3.0,7.0,0.0,1.0,33.3,4.0,2.3,0.5,0.2,0.0,0
George Holani,25.0,SEA,RB,5.0,0.0,3.0,10.0,0.0,1.0,66.7,8.0,3.3,2.0,0.6,0.0,0
Quentin Johnston,23.0,LAC,WR,15.0,11.0,3.0,6.0,0.0,0.0,33.3,4.0,2.0,0.4,0.2,0.0,0
Tucker Kraft,24.0,GNB,TE,17.0,17.0,3.0,6.0,0.0,3.0,100.0,2.0,2.0,0.4,0.2,1.0,0
Davis Mills,26.0,HOU,QB,4.0,0.0,3.0,11.0,0.0,1.0,66.7,9.0,3.7,2.8,0.8,0.0,0
Nick Mullens,29.0,MIN,QB,4.0,0.0,3.0,-2.0,0.0,0.0,0.0,0.0,-0.7,-0.5,0.8,0.0,0
Jalen Nailor,25.0,MIN,WR,17.0,7.0,3.0,-4.0,0.0,1.0,33.3,3.0,-1.3,-0.2,0.2,1.0,0
Rome Odunze,22.0,CHI,WR,17.0,12.0,3.0,15.0,0.0,1.0,66.7,8.0,5.0,0.9,0.2,2.0,0
Ricky Pearsall,24.0,SFO,WR,11.0,4.0,3.0,45.0,0.0,1.0,66.7,39.0,15.0,4.1,0.3,0.0,0
Jalen Reagor,25.0,LAC,WR,8.0,2.0,3.0,-3.0,0.0,0.0,0.0,1.0,-1.0,-0.4,0.4,1.0,0
Wan'Dale Robinson,23.0,NYG,WR,17.0,7.0,3.0,18.0,0.0,1.0,33.3,14.0,6.0,1.1,0.2,0.0,0
Tyrod Taylor,35.0,NYJ,QB,2.0,0.0,3.0,13.0,0.0,0.0,66.7,7.0,4.3,6.5,1.5,1.0,0
Carson Wentz,32.0,KAN,QB,3.0,1.0,3.0,0.0,0.0,0.0,0.0,0.0,0.0,0.0,1.0,0.0,0
Tim Boyle,30.0,2TM,QB,3.0,0.0,3.0,9.0,0.0,1.0,66.7,6.0,3.0,3.0,1.0,0.0,0
Tim Boyle,30.0,MIA,QB,2.0,0.0,2.0,10.0,0.0,1.0,100.0,6.0,5.0,5.0,1.0,0.0,0
Tim Boyle,30.0,NYG,QB,1.0,0.0,1.0,-1.0,0.0,0.0,0.0,-1.0,-1.0,-1.0,1.0,0.0,0
Velus Jones Jr.,27.0,2TM,WR,3.0,0.0,3.0,11.0,0.0,1.0,66.7,6.0,3.7,3.7,1.0,1.0,0
Velus Jones Jr.,27.0,CHI,WR,1.0,0.0,2.0,11.0,0.0,1.0,100.0,6.0,5.5,11.0,2.0,1.0,0
Velus Jones Jr.,27.0,CAR,WR,2.0,0.0,1.0,0.0,0.0,0.0,0.0,0.0,0.0,0.0,0.5,0.0,0
Tutu Atwell,25.0,LAR,WR,17.0,5.0,2.0,7.0,0.0,0.0,50.0,7.0,3.5,0.4,0.1,0.0,0
Jake Browning,28.0,CIN,QB,3.0,0.0,2.0,-2.0,0.0,0.0,0.0,0.0,-1.0,-0.7,0.7,0.0,0
Treylon Burks,24.0,TEN,WR,5.0,2.0,2.0,1.0,0.0,0.0,50.0,6.0,0.5,0.2,0.4,0.0,0
Malachi Corley,22.0,NYJ,WR,9.0,1.0,2.0,26.0,0.0,1.0,100.0,18.0,13.0,2.9,0.2,1.0,0
Troy Franklin,21.0,DEN,WR,16.0,6.0,2.0,8.0,0.0,0.0,50.0,5.0,4.0,0.5,0.1,0.0,0
Jimmy Garoppolo,33.0,LAR,QB,1.0,1.0,2.0,5.0,0.0,0.0,50.0,5.0,2.5,5.0,2.0,0.0,0
C.J. Ham,31.0,MIN,FB,17.0,3.0,2.0,10.0,1.0,1.0,100.0,8.0,5.0,0.6,0.1,1.0,0
Taylor Heinicke,31.0,LAC,QB,4.0,0.0,2.0,20.0,0.0,1.0,50.0,12.0,10.0,5.0,0.5,0.0,0
Diontae Johnson,28.0,3TM,WR,12.0,8.0,2.0,6.0,0.0,1.0,50.0,4.0,3.0,0.5,0.2,0.0,0
Diontae Johnson,28.0,CAR,WR,7.0,7.0,2.0,6.0,0.0,1.0,50.0,4.0,3.0,0.9,0.3,0.0,0
Diontae Johnson,28.0,BAL,WR,4.0,1.0,0.0,0.0,0.0,0.0,0.0,0.0,0.0,0.0,0.0,0.0,0
Diontae Johnson,28.0,HOU,WR,1.0,0.0,0.0,0.0,0.0,0.0,0.0,0.0,0.0,0.0,0.0,0.0,0
Kameron Johnson,22.0,TAM,WR,5.0,0.0,2.0,11.0,0.0,1.0,50.0,11.0,5.5,2.2,0.4,0.0,0
Cooper Kupp,31.0,LAR,WR,12.0,11.0,2.0,10.0,0.0,1.0,50.0,9.0,5.0,0.8,0.2,1.0,0
Tyreik McAllister,26.0,LVR,WR,3.0,0.0,2.0,11.0,0.0,1.0,50.0,10.0,5.5,3.7,0.7,0.0,0
Terry McLaurin,29.0,WAS,WR,17.0,17.0,2.0,2.0,0.0,0.0,0.0,2.0,1.0,0.1,0.1,1.0,PB
Jakobi Meyers,28.0,LVR,WR,15.0,15.0,2.0,23.0,0.0,1.0,50.0,20.0,11.5,1.5,0.1,0.0,0
Jonathan Mingo,23.0,2TM,WR,17.0,6.0,2.0,5.0,0.0,0.0,0.0,3.0,2.5,0.3,0.1,1.0,0
Jonathan Mingo,23.0,CAR,WR,9.0,5.0,2.0,5.0,0.0,0.0,0.0,3.0,2.5,0.6,0.2,1.0,0
Jonathan Mingo,23.0,DAL,WR,8.0,1.0,0.0,0.0,0.0,0.0,0.0,0.0,0.0,0.0,0.0,0.0,0
George Pickens,23.0,PIT,WR,14.0,12.0,2.0,-6.0,0.0,0.0,50.0,4.0,-3.0,-0.4,0.1,1.0,0
Kalif Raymond,30.0,DET,WR,12.0,2.0,2.0,0.0,0.0,1.0,50.0,0.0,0.0,0.0,0.2,0.0,0
Khalil Shakir,24.0,BUF,WR,15.0,9.0,2.0,4.0,0.0,0.0,0.0,2.0,2.0,0.3,0.1,1.0,0
Darius Slayton,27.0,NYG,WR,16.0,13.0,2.0,17.0,0.0,1.0,100.0,11.0,8.5,1.1,0.1,1.0,0
Ainias Smith,23.0,PHI,WR,7.0,1.0,2.0,6.0,0.0,1.0,50.0,4.0,3.0,0.9,0.3,0.0,0
Jonnu Smith,29.0,MIA,TE,17.0,6.0,2.0,-1.0,0.0,0.0,0.0,0.0,-0.5,-0.1,0.1,2.0,0
Amon-Ra St. Brown,25.0,DET,WR,17.0,17.0,2.0,6.0,0.0,1.0,50.0,10.0,3.0,0.4,0.1,1.0,PB
Deven Thompkins,25.0,CAR,WR,7.0,0.0,2.0,7.0,0.0,0.0,50.0,9.0,3.5,1.0,0.3,0.0,0
Kadarius Toney,25.0,CLE,WR,3.0,0.0,2.0,-4.0,0.0,0.0,0.0,3.0,-2.0,-1.3,0.7,1.0,0
Ke'Shawn Vaughn,27.0,SFO,RB,3.0,0.0,2.0,4.0,0.0,0.0,0.0,3.0,2.0,1.3,0.7,0.0,0
Jordan Whittington,24.0,LAR,WR,15.0,3.0,2.0,12.0,0.0,2.0,100.0,7.0,6.0,0.8,0.1,0.0,0
Garrett Wilson,24.0,NYJ,WR,17.0,17.0,2.0,5.0,0.0,1.0,50.0,5.0,2.5,0.3,0.1,2.0,0
Bailey Zappe,25.0,CLE,QB,1.0,1.0,2.0,2.0,0.0,0.0,0.0,3.0,1.0,2.0,2.0,0.0,0
Kevin Austin,24.0,NOR,WR,8.0,2.0,1.0,9.0,0.0,0.0,100.0,9.0,9.0,1.1,0.1,1.0,0
Jake Bailey,27.0,MIA,P,17.0,0.0,1.0,0.0,0.0,0.0,0.0,0.0,0.0,0.0,0.1,1.0,0
Dane Belton,24.0,NYG,S,17.0,6.0,1.0,10.0,0.0,1.0,100.0,10.0,10.0,0.6,0.1,0.0,0
Kendrick Bourne,29.0,NWE,WR,12.0,9.0,1.0,6.0,0.0,1.0,100.0,6.0,6.0,0.5,0.1,0.0,0
Tyler Boyd,30.0,TEN,WR,16.0,8.0,1.0,3.0,0.0,1.0,100.0,3.0,3.0,0.2,0.1,0.0,0
British Brooks,25.0,HOU,RB,5.0,0.0,1.0,2.0,0.0,0.0,0.0,2.0,2.0,0.4,0.2,0.0,0
Keon Coleman,21.0,BUF,WR,13.0,12.0,1.0,9.0,0.0,0.0,100.0,9.0,9.0,0.7,0.1,0.0,0
Tyler Conklin,29.0,NYJ,TE,16.0,15.0,1.0,0.0,0.0,0.0,0.0,0.0,0.0,0.0,0.1,0.0,0
Jacob Cowing,23.0,SFO,WR,15.0,0.0,1.0,7.0,0.0,0.0,100.0,7.0,7.0,0.5,0.1,2.0,0
Ashtyn Davis,28.0,NYJ,S,15.0,1.0,1.0,21.0,0.0,1.0,100.0,21.0,21.0,1.4,0.1,0.0,0
Jahan Dotson,24.0,PHI,WR,17.0,6.0,1.0,13.0,0.0,1.0,100.0,13.0,13.0,0.8,0.1,0.0,0
Josh Downs,23.0,IND,WR,14.0,8.0,1.0,12.0,0.0,0.0,0.0,13.0,12.0,0.9,0.1,0.0,0
Xavier Gipson,23.0,NYJ,WR,17.0,0.0,1.0,5.0,0.0,1.0,100.0,5.0,5.0,0.3,0.1,4.0,0
Chris Godwin,28.0,TAM,WR,7.0,7.0,1.0,2.0,0.0,1.0,100.0,2.0,2.0,0.3,0.1,1.0,0
Noah Gray,25.0,KAN,TE,17.0,10.0,1.0,-4.0,0.0,0.0,0.0,-4.0,-4.0,-0.2,0.1,0.0,0
Matthew Hayball,27.0,NOR,P,17.0,0.0,1.0,11.0,0.0,1.0,100.0,11.0,11.0,0.6,0.1,0.0,0
Jaden Hicks,22.0,KAN,DB,17.0,1.0,1.0,1.0,0.0,0.0,0.0,1.0,1.0,0.1,0.1,0.0,0
Sam Howell,24.0,SEA,QB,2.0,0.0,1.0,2.0,0.0,0.0,0.0,2.0,2.0,1.0,0.5,0.0,0
Tanner Hudson,30.0,CIN,TE,11.0,0.0,1.0,1.0,0.0,1.0,100.0,1.0,1.0,0.1,0.1,1.0,0
Jermaine Jackson,24.0,NOR,WR,4.0,0.0,1.0,-1.0,0.0,0.0,0.0,0.0,-1.0,-0.3,0.3,0.0,0
Jha'Quan Jackson,24.0,TEN,WR,12.0,0.0,1.0,-5.0,0.0,0.0,0.0,0.0,-5.0,-0.4,0.1,5.0,0
Justin Jefferson,25.0,MIN,WR,17.0,17.0,1.0,3.0,0.0,0.0,0.0,3.0,3.0,0.2,0.1,1.0,PB
Marcus Jones,26.0,NWE,CB,14.0,9.0,1.0,5.0,0.0,0.0,100.0,5.0,5.0,0.4,0.1,2.0,0
Travis Kelce,35.0,KAN,TE,16.0,16.0,1.0,1.0,0.0,0.0,100.0,1.0,1.0,0.1,0.1,2.0,PB
Joshua Kelley,27.0,TEN,RB,3.0,0.0,1.0,2.0,0.0,0.0,0.0,2.0,2.0,0.7,0.3,0.0,0
Charlie Kolar,25.0,BAL,TE,13.0,3.0,1.0,2.0,0.0,1.0,100.0,2.0,2.0,0.2,0.1,0.0,0
Dylan Laube,25.0,LVR,RB,10.0,0.0,1.0,0.0,0.0,0.0,0.0,0.0,0.0,0.0,0.1,1.0,0
Drake London,23.0,ATL,WR,17.0,17.0,1.0,-3.0,0.0,0.0,0.0,-3.0,-3.0,-0.2,0.1,0.0,0
Julian Love,26.0,SEA,FS,17.0,17.0,1.0,2.0,0.0,1.0,100.0,2.0,2.0,0.1,0.1,0.0,0
Trey McBride,25.0,ARI,TE,16.0,16.0,1.0,2.0,1.0,1.0,100.0,2.0,2.0,0.1,0.1,0.0,PB
David Moore,29.0,CAR,WR,17.0,5.0,1.0,0.0,0.0,0.0,0.0,0.0,0.0,0.0,0.1,0.0,0
Elijah Moore,24.0,CLE,WR,17.0,13.0,1.0,1.0,0.0,0.0,0.0,1.0,1.0,0.1,0.1,0.0,0
Chigoziem Okonkwo,25.0,TEN,TE,17.0,11.0,1.0,17.0,0.0,1.0,100.0,17.0,17.0,1.0,0.1,2.0,0
Chris Oladokun,27.0,KAN,QB,1.0,0.0,1.0,5.0,0.0,0.0,0.0,5.0,5.0,5.0,1.0,1.0,0
Chris Olave,24.0,NOR,WR,8.0,8.0,1.0,7.0,0.0,1.0,100.0,7.0,7.0,0.9,0.1,1.0,0
Cade Otton,25.0,TAM,TE,14.0,14.0,1.0,-4.0,0.0,0.0,0.0,-4.0,-4.0,-0.3,0.1,2.0,0
Dell Pettus,23.0,NWE,S,17.0,1.0,1.0,2.0,0.0,1.0,100.0,2.0,2.0,0.1,0.1,0.0,0
Ja'Lynn Polk,22.0,NWE,WR,15.0,7.0,1.0,0.0,0.0,0.0,0.0,0.0,0.0,0.0,0.1,0.0,0
Jalen Reeves-Maybin,29.0,DET,LB,10.0,0.0,1.0,1.0,0.0,0.0,0.0,1.0,1.0,0.1,0.1,0.0,0
Rashee Rice,24.0,KAN,WR,4.0,4.0,1.0,1.0,0.0,1.0,100.0,1.0,1.0,0.3,0.3,0.0,0
Drew Sample,28.0,CIN,TE,17.0,15.0,1.0,-4.0,0.0,0.0,0.0,0.0,-4.0,-0.2,0.1,1.0,0
Cody Schrader,25.0,LAR,RB,1.0,0.0,1.0,3.0,0.0,0.0,0.0,3.0,3.0,3.0,1.0,0.0,0
JK Scott,29.0,LAC,P,17.0,0.0,1.0,0.0,0.0,0.0,0.0,0.0,0.0,0.0,0.1,1.0,0
Laviska Shenault Jr.,26.0,SEA,WR,11.0,1.0,1.0,1.0,0.0,0.0,0.0,1.0,1.0,0.1,0.1,2.0,0
Steven Sims,27.0,HOU,WR,7.0,0.0,1.0,0.0,0.0,0.0,0.0,0.0,0.0,0.0,0.1,2.0,0
DeVonta Smith,26.0,PHI,WR,13.0,13.0,1.0,1.0,0.0,0.0,0.0,1.0,1.0,0.1,0.1,0.0,0
Tavierre Thomas,28.0,TAM,CB,17.0,0.0,1.0,-2.0,0.0,0.0,0.0,0.0,-2.0,-0.1,0.1,0.0,0
Skylar Thompson,27.0,MIA,QB,3.0,1.0,1.0,4.0,0.0,0.0,0.0,4.0,4.0,1.3,0.3,2.0,0
Cedric Tillman,24.0,CLE,WR,11.0,6.0,1.0,-5.0,0.0,0.0,0.0,0.0,-5.0,-0.5,0.1,1.0,0
Marquez Valdes-Scantling,30.0,2TM,WR,14.0,8.0,1.0,4.0,0.0,0.0,0.0,4.0,4.0,0.3,0.1,0.0,0
Marquez Valdes-Scantling,30.0,BUF,WR,6.0,0.0,0.0,0.0,0.0,0.0,0.0,0.0,0.0,0.0,0.0,0.0,0
Marquez Valdes-Scantling,30.0,NOR,WR,8.0,8.0,1.0,4.0,0.0,0.0,0.0,4.0,4.0,0.5,0.1,0.0,0
Michael Wilson,24.0,ARI,WR,16.0,13.0,1.0,7.0,0.0,0.0,0.0,7.0,7.0,0.4,0.1,1.0,0
Olamide Zaccheaus,27.0,WAS,WR,17.0,6.0,1.0,8.0,0.0,1.0,100.0,8.0,8.0,0.5,0.1,3.0,0
Davante Adams,32.0,2TM,WR,14.0,14.0,0.0,0.0,0.0,0.0,0.0,0.0,0.0,0.0,0.0,0.0,0
Davante Adams,32.0,LVR,WR,3.0,3.0,0.0,0.0,0.0,0.0,0.0,0.0,0.0,0.0,0.0,0.0,0
Davante Adams,32.0,NYJ,WR,11.0,11.0,0.0,0.0,0.0,0.0,0.0,0.0,0.0,0.0,0.0,0.0,0
Nate Adkins,25.0,DEN,TE,17.0,10.0,0.0,0.0,0.0,0.0,0.0,0.0,0.0,0.0,0.0,0.0,0
Nelson Agholor,31.0,BAL,WR,14.0,7.0,0.0,0.0,0.0,0.0,0.0,0.0,0.0,0.0,0.0,0.0,0
Brandon Aiyuk,26.0,SFO,WR,7.0,7.0,0.0,0.0,0.0,0.0,0.0,0.0,0.0,0.0,0.0,0.0,0
Jordan Akins,32.0,CLE,TE,17.0,6.0,0.0,0.0,0.0,0.0,0.0,0.0,0.0,0.0,0.0,1.0,0
Mo Alie-Cox,31.0,IND,TE,17.0,13.0,0.0,0.0,0.0,0.0,0.0,0.0,0.0,0.0,0.0,0.0,0
Erick All,24.0,CIN,TE,9.0,6.0,0.0,0.0,0.0,0.0,0.0,0.0,0.0,0.0,0.0,0.0,0
Davis Allen,23.0,LAR,TE,15.0,5.0,0.0,0.0,0.0,0.0,0.0,0.0,0.0,0.0,0.0,0.0,0
Keenan Allen,32.0,CHI,WR,15.0,15.0,0.0,0.0,0.0,0.0,0.0,0.0,0.0,0.0,0.0,1.0,0
Calvin Austin III,25.0,PIT,WR,17.0,8.0,0.0,0.0,0.0,0.0,0.0,0.0,0.0,0.0,0.0,1.0,0
Alex Bachman,28.0,LVR,WR,6.0,1.0,0.0,0.0,0.0,0.0,0.0,0.0,0.0,0.0,0.0,0.0,0
Javon Baker,22.0,NWE,WR,11.0,1.0,0.0,0.0,0.0,0.0,0.0,0.0,0.0,0.0,0.0,0.0,0
AJ Barner,22.0,SEA,TE,17.0,6.0,0.0,0.0,0.0,0.0,0.0,0.0,0.0,0.0,0.0,0.0,0
Rashod Bateman,25.0,BAL,WR,17.0,14.0,0.0,0.0,0.0,0.0,0.0,0.0,0.0,0.0,0.0,0.0,0
Brenden Bates,25.0,CLE,TE,2.0,0.0,0.0,0.0,0.0,0.0,0.0,0.0,0.0,0.0,0.0,0.0,0
John Bates,27.0,WAS,TE,17.0,6.0,0.0,0.0,0.0,0.0,0.0,0.0,0.0,0.0,0.0,1.0,0
Andrew Beck,28.0,2TM,FB,4.0,0.0,0.0,0.0,0.0,0.0,0.0,0.0,0.0,0.0,0.0,0.0,0
Andrew Beck,28.0,GNB,FB,3.0,0.0,0.0,0.0,0.0,0.0,0.0,0.0,0.0,0.0,0.0,0.0,0
Andrew Beck,28.0,HOU,FB,1.0,0.0,0.0,0.0,0.0,0.0,0.0,0.0,0.0,0.0,0.0,0.0,0
Odell Beckham Jr.,32.0,MIA,WR,9.0,0.0,0.0,0.0,0.0,0.0,0.0,0.0,0.0,0.0,0.0,0.0,0
David Bell,24.0,CLE,WR,1.0,0.0,0.0,0.0,0.0,0.0,0.0,0.0,0.0,0.0,0.0,0.0,0
Jaheim Bell,23.0,NWE,TE,15.0,0.0,0.0,0.0,0.0,0.0,0.0,0.0,0.0,0.0,0.0,0.0,0
Ronnie Bell,24.0,SFO,WR,9.0,0.0,0.0,0.0,0.0,0.0,0.0,0.0,0.0,0.0,0.0,0.0,0
Daniel Bellinger,24.0,NYG,TE,17.0,8.0,0.0,0.0,0.0,0.0,0.0,0.0,0.0,0.0,0.0,0.0,0
Braxton Berrios,29.0,MIA,WR,6.0,0.0,0.0,0.0,0.0,0.0,0.0,0.0,0.0,0.0,0.0,0.0,0
Chris Blair,27.0,ATL,WR,4.0,0.0,0.0,0.0,0.0,0.0,0.0,0.0,0.0,0.0,0.0,0.0,0
Jake Bobo,26.0,SEA,WR,17.0,3.0,0.0,0.0,0.0,0.0,0.0,0.0,0.0,0.0,0.0,0.0,0
Kayshon Boutte,22.0,NWE,WR,15.0,13.0,0.0,0.0,0.0,0.0,0.0,0.0,0.0,0.0,0.0,0.0,0
Jake Brendel,32.0,SFO,OL,17.0,17.0,0.0,0.0,0.0,0.0,0.0,0.0,0.0,0.0,0.0,1.0,0
Jalen Brooks,24.0,DAL,WR,14.0,1.0,0.0,0.0,0.0,0.0,0.0,0.0,0.0,0.0,0.0,0.0,0
A.J. Brown,27.0,PHI,WR,13.0,13.0,0.0,0.0,0.0,0.0,0.0,0.0,0.0,0.0,0.0,0.0,0
Marquise Brown,27.0,KAN,WR,2.0,1.0,0.0,0.0,0.0,0.0,0.0,0.0,0.0,0.0,0.0,0.0,0
Noah Brown,28.0,WAS,WR,11.0,9.0,0.0,0.0,0.0,0.0,0.0,0.0,0.0,0.0,0.0,0.0,0
Pharaoh Brown,30.0,SEA,TE,15.0,7.0,0.0,0.0,0.0,0.0,0.0,0.0,0.0,0.0,0.0,1.0,0
Harrison Bryant,26.0,LVR,TE,13.0,3.0,0.0,0.0,0.0,0.0,0.0,0.0,0.0,0.0,0.0,0.0,0
Jermaine Burton,23.0,CIN,WR,14.0,1.0,0.0,0.0,0.0,0.0,0.0,0.0,0.0,0.0,0.0,0.0,0
Grant Calcaterra,26.0,PHI,TE,17.0,13.0,0.0,0.0,0.0,0.0,0.0,0.0,0.0,0.0,0.0,0.0,0
Mike Caliendo,27.0,KAN,OL,17.0,3.0,0.0,0.0,0.0,0.0,0.0,0.0,0.0,0.0,0.0,0.0,0
Parris Campbell,27.0,PHI,WR,5.0,0.0,0.0,0.0,0.0,0.0,0.0,0.0,0.0,0.0,0.0,0.0,0
DeAndre Carter,31.0,CHI,WR,13.0,0.0,0.0,0.0,0.0,0.0,0.0,0.0,0.0,0.0,0.0,1.0,0
DJ Chark,28.0,LAC,WR,7.0,0.0,0.0,0.0,0.0,0.0,0.0,0.0,0.0,0.0,0.0,0.0,0
Irvin Charles,27.0,NYJ,WR,13.0,0.0,0.0,0.0,0.0,0.0,0.0,0.0,0.0,0.0,0.0,0.0,0
Dan Chisena,27.0,CAR,WR,6.0,0.0,0.0,0.0,0.0,0.0,0.0,0.0,0.0,0.0,0.0,0.0,0
Robbie Chosen,31.0,MIA,WR,2.0,0.0,0.0,0.0,0.0,0.0,0.0,0.0,0.0,0.0,0.0,0.0,0
Jalen Coker,23.0,CAR,WR,11.0,4.0,0.0,0.0,0.0,0.0,0.0,0.0,0.0,0.0,0.0,0.0,0
Nico Collins,25.0,HOU,WR,12.0,12.0,0.0,0.0,0.0,0.0,0.0,0.0,0.0,0.0,0.0,0.0,PB
Chris Conley,32.0,SFO,WR,15.0,2.0,0.0,0.0,0.0,0.0,0.0,0.0,0.0,0.0,0.0,0.0,0
Tanner Conner,26.0,MIA,TE,8.0,1.0,0.0,0.0,0.0,0.0,0.0,0.0,0.0,0.0,0.0,0.0,0
Amari Cooper,30.0,2TM,WR,14.0,10.0,0.0,0.0,0.0,0.0,0.0,0.0,0.0,0.0,0.0,0.0,0
Amari Cooper,30.0,CLE,WR,6.0,6.0,0.0,0.0,0.0,0.0,0.0,0.0,0.0,0.0,0.0,0.0,0
Amari Cooper,30.0,BUF,WR,8.0,4.0,0.0,0.0,0.0,0.0,0.0,0.0,0.0,0.0,0.0,0.0,0
Britain Covey,27.0,PHI,WR,5.0,1.0,0.0,0.0,0.0,0.0,0.0,0.0,0.0,0.0,0.0,0.0,0
River Cracraft,30.0,MIA,WR,8.0,0.0,0.0,0.0,0.0,0.0,0.0,0.0,0.0,0.0,0.0,0.0,0
Jamison Crowder,31.0,WAS,WR,6.0,1.0,0.0,0.0,0.0,0.0,0.0,0.0,0.0,0.0,0.0,2.0,0
Devin Culp,24.0,TAM,TE,5.0,0.0,0.0,0.0,0.0,0.0,0.0,0.0,0.0,0.0,0.0,0.0,0
Baylor Cupp,24.0,KAN,TE,1.0,0.0,0.0,0.0,0.0,0.0,0.0,0.0,0.0,0.0,0.0,0.0,0
Jaelon Darden,25.0,CLE,WR,7.0,1.0,0.0,0.0,0.0,0.0,0.0,0.0,0.0,0.0,0.0,0.0,0
Zach Davidson,26.0,BUF,TE,2.0,0.0,0.0,0.0,0.0,0.0,0.0,0.0,0.0,0.0,0.0,0.0,0
Gabriel Davis,25.0,JAX,WR,10.0,9.0,0.0,0.0,0.0,0.0,0.0,0.0,0.0,0.0,0.0,1.0,0
Divine Deablo,26.0,LVR,LB,14.0,14.0,0.0,0.0,0.0,0.0,0.0,0.0,0.0,0.0,0.0,0.0,0
Taylor Decker,30.0,DET,T,14.0,14.0,0.0,0.0,0.0,0.0,0.0,0.0,0.0,0.0,0.0,0.0,0
Josiah Deguara,27.0,JAX,TE,15.0,0.0,0.0,0.0,0.0,0.0,0.0,0.0,0.0,0.0,0.0,0.0,0
Will Dissly,28.0,LAC,TE,15.0,8.0,0.0,0.0,0.0,0.0,0.0,0.0,0.0,0.0,0.0,0.0,0
Romeo Doubs,24.0,GNB,WR,13.0,12.0,0.0,0.0,0.0,0.0,0.0,0.0,0.0,0.0,0.0,0.0,0
Grant Dubose,23.0,MIA,WR,3.0,0.0,0.0,0.0,0.0,0.0,0.0,0.0,0.0,0.0,0.0,0.0,0
Greg Dulcich,24.0,DEN,TE,4.0,3.0,0.0,0.0,0.0,0.0,0.0,0.0,0.0,0.0,0.0,0.0,0
Payne Durham,24.0,TAM,TE,16.0,6.0,0.0,0.0,0.0,0.0,0.0,0.0,0.0,0.0,0.0,1.0,0
Ross Dwelley,29.0,ATL,TE,17.0,0.0,0.0,0.0,0.0,0.0,0.0,0.0,0.0,0.0,0.0,0.0,0
Evan Engram,30.0,JAX,TE,9.0,9.0,0.0,0.0,0.0,0.0,0.0,0.0,0.0,0.0,0.0,1.0,0
Zach Ertz,34.0,WAS,TE,17.0,17.0,0.0,0.0,0.0,0.0,0.0,0.0,0.0,0.0,0.0,1.0,0
D'Wayne Eskridge,27.0,MIA,WR,6.0,0.0,0.0,0.0,0.0,0.0,0.0,0.0,0.0,0.0,0.0,0.0,0
Mike Evans,31.0,TAM,WR,14.0,14.0,0.0,0.0,0.0,0.0,0.0,0.0,0.0,0.0,0.0,0.0,0
Gerald Everett,30.0,CHI,TE,17.0,4.0,0.0,0.0,0.0,0.0,0.0,0.0,0.0,0.0,0.0,0.0,0
Erik Ezukanma,24.0,MIA,WR,2.0,0.0,0.0,0.0,0.0,0.0,0.0,0.0,0.0,0.0,0.0,0.0,0
Noah Fant,27.0,SEA,TE,14.0,9.0,0.0,0.0,0.0,0.0,0.0,0.0,0.0,0.0,0.0,0.0,0
Luke Farrell,27.0,JAX,TE,17.0,8.0,0.0,0.0,0.0,0.0,0.0,0.0,0.0,0.0,0.0,0.0,0
Simi Fehoko,27.0,LAC,WR,8.0,2.0,0.0,0.0,0.0,0.0,0.0,0.0,0.0,0.0,0.0,0.0,0
Jake Ferguson,25.0,DAL,TE,14.0,14.0,0.0,0.0,0.0,0.0,0.0,0.0,0.0,0.0,0.0,4.0,0
Tucker Fisk,25.0,LAC,TE,9.0,5.0,0.0,0.0,0.0,0.0,0.0,0.0,0.0,0.0,0.0,0.0,0
John FitzPatrick,24.0,GNB,TE,9.0,0.0,0.0,0.0,0.0,0.0,0.0,0.0,0.0,0.0,0.0,0.0,0
Ryan Flournoy,25.0,DAL,WR,11.0,1.0,0.0,0.0,0.0,0.0,0.0,0.0,0.0,0.0,0.0,1.0,0
Jody Fortson,29.0,KAN,TE,3.0,0.0,0.0,0.0,0.0,0.0,0.0,0.0,0.0,0.0,0.0,0.0,0
Sam Franklin,28.0,CAR,S,10.0,0.0,0.0,0.0,0.0,0.0,0.0,0.0,0.0,0.0,0.0,0.0,0
Feleipe Franks,27.0,CAR,TE,16.0,0.0,0.0,0.0,0.0,0.0,0.0,0.0,0.0,0.0,0.0,0.0,0
Zach Frazier,23.0,PIT,C,15.0,15.0,0.0,0.0,0.0,0.0,0.0,0.0,0.0,0.0,0.0,1.0,0
Pat Freiermuth,26.0,PIT,TE,17.0,11.0,0.0,0.0,0.0,0.0,0.0,0.0,0.0,0.0,0.0,3.0,0
Mike Gesicki,29.0,CIN,TE,17.0,3.0,0.0,0.0,0.0,0.0,0.0,0.0,0.0,0.0,0.0,1.0,0
Dallas Goedert,29.0,PHI,TE,10.0,10.0,0.0,0.0,0.0,0.0,0.0,0.0,0.0,0.0,0.0,2.0,0
C.J. Goodwin,34.0,DAL,CB,17.0,0.0,0.0,0.0,0.0,0.0,0.0,0.0,0.0,0.0,0.0,0.0,0
Anthony Gould,23.0,IND,WR,8.0,0.0,0.0,0.0,0.0,0.0,0.0,0.0,0.0,0.0,0.0,0.0,0
Cam Grandy,24.0,CIN,TE,8.0,6.0,0.0,0.0,0.0,0.0,0.0,0.0,0.0,0.0,0.0,0.0,0
Kylen Granson,26.0,IND,TE,17.0,6.0,0.0,0.0,0.0,0.0,0.0,0.0,0.0,0.0,0.0,0.0,0
Marvin Harrison Jr.,22.0,ARI,WR,17.0,16.0,0.0,0.0,0.0,0.0,0.0,0.0,0.0,0.0,0.0,1.0,0
Malik Heath,24.0,GNB,WR,13.0,1.0,0.0,0.0,0.0,0.0,0.0,0.0,0.0,0.0,0.0,0.0,0
Peyton Hendershot,25.0,KAN,TE,7.0,1.0,0.0,0.0,0.0,0.0,0.0,0.0,0.0,0.0,0.0,0.0,0
Hunter Henry,30.0,NWE,TE,16.0,16.0,0.0,0.0,0.0,0.0,0.0,0.0,0.0,0.0,0.0,0.0,0
Connor Heyward,25.0,PIT,TE,17.0,5.0,0.0,0.0,0.0,0.0,0.0,0.0,0.0,0.0,0.0,0.0,0
Tyler Higbee,31.0,LAR,TE,3.0,3.0,0.0,0.0,0.0,0.0,0.0,0.0,0.0,0.0,0.0,0.0,0
Elijah Higgins,24.0,ARI,TE,17.0,6.0,0.0,0.0,0.0,0.0,0.0,0.0,0.0,0.0,0.0,0.0,0
Tee Higgins,25.0,CIN,WR,12.0,9.0,0.0,0.0,0.0,0.0,0.0,0.0,0.0,0.0,0.0,1.0,0
Julian Hill,24.0,MIA,TE,16.0,11.0,0.0,0.0,0.0,0.0,0.0,0.0,0.0,0.0,0.0,1.0,0
T.J. Hockenson,27.0,MIN,TE,10.0,9.0,0.0,0.0,0.0,0.0,0.0,0.0,0.0,0.0,0.0,0.0,0
KhaDarel Hodge,29.0,ATL,WR,17.0,2.0,0.0,0.0,0.0,0.0,0.0,0.0,0.0,0.0,0.0,0.0,0
Isaiah Hodgins,26.0,NYG,WR,3.0,0.0,0.0,0.0,0.0,0.0,0.0,0.0,0.0,0.0,0.0,0.0,0
Dallin Holker,24.0,NOR,TE,12.0,2.0,0.0,0.0,0.0,0.0,0.0,0.0,0.0,0.0,0.0,0.0,0
Mack Hollins,31.0,BUF,WR,17.0,13.0,0.0,0.0,0.0,0.0,0.0,0.0,0.0,0.0,0.0,0.0,0
Austin Hooper,30.0,NWE,TE,17.0,8.0,0.0,0.0,0.0,0.0,0.0,0.0,0.0,0.0,0.0,2.0,0
DeAndre Hopkins,32.0,2TM,WR,16.0,8.0,0.0,0.0,0.0,0.0,0.0,0.0,0.0,0.0,0.0,1.0,0
DeAndre Hopkins,32.0,TEN,WR,6.0,3.0,0.0,0.0,0.0,0.0,0.0,0.0,0.0,0.0,0.0,1.0,0
DeAndre Hopkins,32.0,KAN,WR,10.0,5.0,0.0,0.0,0.0,0.0,0.0,0.0,0.0,0.0,0.0,0.0,0
Sam Hubbard,29.0,CIN,DE,14.0,14.0,0.0,0.0,0.0,0.0,0.0,0.0,0.0,0.0,0.0,0.0,0
Lil'Jordan Humphrey,26.0,DEN,WR,17.0,7.0,0.0,0.0,0.0,0.0,0.0,0.0,0.0,0.0,0.0,2.0,0
Hayden Hurst,31.0,LAC,TE,9.0,2.0,0.0,0.0,0.0,0.0,0.0,0.0,0.0,0.0,0.0,0.0,0
Xavier Hutchinson,24.0,HOU,WR,16.0,3.0,0.0,0.0,0.0,0.0,0.0,0.0,0.0,0.0,0.0,0.0,0
Jalin Hyatt,23.0,NYG,WR,16.0,3.0,0.0,0.0,0.0,0.0,0.0,0.0,0.0,0.0,0.0,0.0,0
Andrei Iosivas,25.0,CIN,WR,17.0,8.0,0.0,0.0,0.0,0.0,0.0,0.0,0.0,0.0,0.0,0.0,0
Trenton Irwin,29.0,CIN,WR,7.0,2.0,0.0,0.0,0.0,0.0,0.0,0.0,0.0,0.0,0.0,0.0,0
Rakim Jarrett,23.0,TAM,WR,10.0,2.0,0.0,0.0,0.0,0.0,0.0,0.0,0.0,0.0,0.0,0.0,0
Van Jefferson,28.0,PIT,WR,17.0,12.0,0.0,0.0,0.0,0.0,0.0,0.0,0.0,0.0,0.0,0.0,0
E.J. Jenkins,26.0,PHI,TE,8.0,0.0,0.0,0.0,0.0,0.0,0.0,0.0,0.0,0.0,0.0,0.0,0
Jauan Jennings,27.0,SFO,WR,15.0,10.0,0.0,0.0,0.0,0.0,0.0,0.0,0.0,0.0,0.0,1.0,0
Jerry Jeudy,25.0,CLE,WR,17.0,16.0,0.0,0.0,0.0,0.0,0.0,0.0,0.0,0.0,0.0,0.0,PB
Brandon Johnson,26.0,PIT,WR,3.0,0.0,0.0,0.0,0.0,0.0,0.0,0.0,0.0,0.0,0.0,0.0,0
Collin Johnson,27.0,CHI,WR,9.0,0.0,0.0,0.0,0.0,0.0,0.0,0.0,0.0,0.0,0.0,0.0,0
Juwan Johnson,28.0,NOR,TE,17.0,5.0,0.0,0.0,0.0,0.0,0.0,0.0,0.0,0.0,0.0,2.0,0
Theo Johnson,23.0,NYG,TE,12.0,11.0,0.0,0.0,0.0,0.0,0.0,0.0,0.0,0.0,0.0,0.0,0
Tyler Johnson,26.0,LAR,WR,15.0,2.0,0.0,0.0,0.0,0.0,0.0,0.0,0.0,0.0,0.0,0.0,0
Charlie Jones,26.0,CIN,WR,8.0,0.0,0.0,0.0,0.0,0.0,0.0,0.0,0.0,0.0,0.0,2.0,0
Tim Jones,26.0,JAX,WR,17.0,0.0,0.0,0.0,0.0,0.0,0.0,0.0,0.0,0.0,0.0,0.0,0
Zay Jones,29.0,ARI,WR,11.0,2.0,0.0,0.0,0.0,0.0,0.0,0.0,0.0,0.0,0.0,0.0,0
Brevin Jordan,24.0,HOU,TE,2.0,1.0,0.0,0.0,0.0,0.0,0.0,0.0,0.0,0.0,0.0,0.0,0
Tom Kennedy,28.0,DET,WR,4.0,0.0,0.0,0.0,0.0,0.0,0.0,0.0,0.0,0.0,0.0,0.0,0
Ramel Keyton,24.0,LVR,WR,8.0,0.0,0.0,0.0,0.0,0.0,0.0,0.0,0.0,0.0,0.0,0.0,0
Dalton Kincaid,25.0,BUF,TE,13.0,9.0,0.0,0.0,0.0,0.0,0.0,0.0,0.0,0.0,0.0,1.0,0
Mason Kinsey,26.0,TEN,WR,6.0,0.0,0.0,0.0,0.0,0.0,0.0,0.0,0.0,0.0,0.0,0.0,0
Christian Kirk,28.0,JAX,WR,8.0,7.0,0.0,0.0,0.0,0.0,0.0,0.0,0.0,0.0,0.0,0.0,0
George Kittle,31.0,SFO,TE,15.0,15.0,0.0,0.0,0.0,0.0,0.0,0.0,0.0,0.0,0.0,0.0,PB
Cole Kmet,25.0,CHI,TE,17.0,16.0,0.0,0.0,0.0,0.0,0.0,0.0,0.0,0.0,0.0,0.0,0
Dawson Knox,28.0,BUF,TE,16.0,13.0,0.0,0.0,0.0,0.0,0.0,0.0,0.0,0.0,0.0,0.0,0
Lucas Krull,26.0,DEN,TE,13.0,2.0,0.0,0.0,0.0,0.0,0.0,0.0,0.0,0.0,0.0,0.0,0
Sam LaPorta,23.0,DET,TE,16.0,16.0,0.0,0.0,0.0,0.0,0.0,0.0,0.0,0.0,0.0,0.0,0
JC Latham,21.0,TEN,OT,17.0,17.0,0.0,0.0,0.0,0.0,0.0,0.0,0.0,0.0,0.0,0.0,0
Allen Lazard,29.0,NYJ,WR,12.0,10.0,0.0,0.0,0.0,0.0,0.0,0.0,0.0,0.0,0.0,0.0,0
Marcedes Lewis,40.0,CHI,TE,17.0,4.0,0.0,0.0,0.0,0.0,0.0,0.0,0.0,0.0,0.0,0.0,0
Isaiah Likely,24.0,BAL,TE,16.0,9.0,0.0,0.0,0.0,0.0,0.0,0.0,0.0,0.0,0.0,1.0,0
Tyler Lockett,32.0,SEA,WR,17.0,14.0,0.0,0.0,0.0,0.0,0.0,0.0,0.0,0.0,0.0,0.0,0
Hunter Long,26.0,LAR,TE,17.0,2.0,0.0,0.0,0.0,0.0,0.0,0.0,0.0,0.0,0.0,0.0,0
Vederian Lowe,25.0,NWE,T,14.0,13.0,0.0,0.0,0.0,0.0,0.0,0.0,0.0,0.0,0.0,0.0,0
Will Mallory,25.0,IND,TE,10.0,0.0,0.0,0.0,0.0,0.0,0.0,0.0,0.0,0.0,0.0,0.0,0
Chris Manhertz,32.0,NYG,TE,17.0,11.0,0.0,0.0,0.0,0.0,0.0,0.0,0.0,0.0,0.0,0.0,0
Terrace Marshall Jr.,24.0,LVR,WR,7.0,1.0,0.0,0.0,0.0,0.0,0.0,0.0,0.0,0.0,0.0,0.0,0
Tay Martin,27.0,TEN,WR,1.0,0.0,0.0,0.0,0.0,0.0,0.0,0.0,0.0,0.0,0.0,0.0,0
David Martin-Robinson,25.0,TEN,TE,5.0,2.0,0.0,0.0,0.0,0.0,0.0,0.0,0.0,0.0,0.0,0.0,0
Scott Matlock,24.0,LAC,DL,17.0,11.0,0.0,0.0,0.0,0.0,0.0,0.0,0.0,0.0,0.0,0.0,0
Jordan Matthews,32.0,CAR,TE,4.0,1.0,0.0,0.0,0.0,0.0,0.0,0.0,0.0,0.0,0.0,0.0,0
Michael Mayer,23.0,LVR,TE,11.0,8.0,0.0,0.0,0.0,0.0,0.0,0.0,0.0,0.0,0.0,0.0,0
Luke McCaffrey,23.0,WAS,WR,17.0,4.0,0.0,0.0,0.0,0.0,0.0,0.0,0.0,0.0,0.0,0.0,0
Ladd McConkey,23.0,LAC,WR,16.0,14.0,0.0,0.0,0.0,0.0,0.0,0.0,0.0,0.0,0.0,2.0,0
Bub Means,23.0,NOR,WR,7.0,1.0,0.0,0.0,0.0,0.0,0.0,0.0,0.0,0.0,0.0,0.0,0
D.K. Metcalf,27.0,SEA,WR,15.0,12.0,0.0,0.0,0.0,0.0,0.0,0.0,0.0,0.0,0.0,2.0,0
John Metchie,24.0,HOU,WR,13.0,3.0,0.0,0.0,0.0,0.0,0.0,0.0,0.0,0.0,0.0,1.0,0
Anthony Miller,30.0,BAL,WR,2.0,0.0,0.0,0.0,0.0,0.0,0.0,0.0,0.0,0.0,0.0,0.0,0
Ryan Miller,24.0,TAM,WR,11.0,3.0,0.0,0.0,0.0,0.0,0.0,0.0,0.0,0.0,0.0,0.0,0
Scott Miller,27.0,PIT,WR,13.0,1.0,0.0,0.0,0.0,0.0,0.0,0.0,0.0,0.0,0.0,0.0,0
Darnell Mooney,27.0,ATL,WR,16.0,16.0,0.0,0.0,0.0,0.0,0.0,0.0,0.0,0.0,0.0,0.0,0
Skyy Moore,24.0,KAN,WR,6.0,0.0,0.0,0.0,0.0,0.0,0.0,0.0,0.0,0.0,0.0,0.0,0
Foster Moreau,27.0,NOR,TE,17.0,17.0,0.0,0.0,0.0,0.0,0.0,0.0,0.0,0.0,0.0,0.0,0
Quintin Morris,25.0,BUF,TE,16.0,3.0,0.0,0.0,0.0,0.0,0.0,0.0,0.0,0.0,0.0,0.0,0
Wanya Morris,24.0,KAN,OL,17.0,11.0,0.0,0.0,0.0,0.0,0.0,0.0,0.0,0.0,0.0,0.0,0
Johnny Mundt,30.0,MIN,TE,17.0,3.0,0.0,0.0,0.0,0.0,0.0,0.0,0.0,0.0,0.0,0.0,0
Luke Musgrave,24.0,GNB,TE,7.0,3.0,0.0,0.0,0.0,0.0,0.0,0.0,0.0,0.0,0.0,0.0,0
David Njoku,28.0,CLE,TE,11.0,11.0,0.0,0.0,0.0,0.0,0.0,0.0,0.0,0.0,0.0,0.0,0
Andrew Ogletree,26.0,IND,TE,17.0,6.0,0.0,0.0,0.0,0.0,0.0,0.0,0.0,0.0,0.0,0.0,0
Bryce Oliver,24.0,TEN,WR,10.0,1.0,0.0,0.0,0.0,0.0,0.0,0.0,0.0,0.0,0.0,0.0,0
Josh Oliver,27.0,MIN,TE,15.0,12.0,0.0,0.0,0.0,0.0,0.0,0.0,0.0,0.0,0.0,0.0,0
K.J. Osborn,27.0,NWE,WR,7.0,4.0,0.0,0.0,0.0,0.0,0.0,0.0,0.0,0.0,0.0,0.0,0
Josh Palmer,25.0,LAC,WR,15.0,7.0,0.0,0.0,0.0,0.0,0.0,0.0,0.0,0.0,0.0,0.0,0
Trey Palmer,23.0,TAM,WR,15.0,3.0,0.0,0.0,0.0,0.0,0.0,0.0,0.0,0.0,0.0,1.0,0
Colby Parkinson,25.0,LAR,TE,17.0,9.0,0.0,0.0,0.0,0.0,0.0,0.0,0.0,0.0,0.0,0.0,0
Tim Patrick,31.0,DET,WR,16.0,9.0,0.0,0.0,0.0,0.0,0.0,0.0,0.0,0.0,0.0,0.0,0
Dante Pettis,29.0,NOR,WR,8.0,0.0,0.0,0.0,0.0,0.0,0.0,0.0,0.0,0.0,0.0,0.0,0
Alec Pierce,24.0,IND,WR,16.0,13.0,0.0,0.0,0.0,0.0,0.0,0.0,0.0,0.0,0.0,0.0,0
James Pierre,28.0,PIT,CB,15.0,2.0,0.0,0.0,0.0,0.0,0.0,0.0,0.0,0.0,0.0,0.0,0
Michael Pittman Jr.,27.0,IND,WR,16.0,14.0,0.0,0.0,0.0,0.0,0.0,0.0,0.0,0.0,0.0,1.0,0
Kyle Pitts,24.0,ATL,TE,17.0,15.0,0.0,0.0,0.0,0.0,0.0,0.0,0.0,0.0,0.0,0.0,0
Brandon Powell,29.0,MIN,WR,17.0,1.0,0.0,0.0,0.0,0.0,0.0,0.0,0.0,0.0,0.0,1.0,0
Adam Prentice,27.0,NOR,FB,17.0,7.0,0.0,0.0,0.0,0.0,0.0,0.0,0.0,0.0,0.0,0.0,0
James Proche,28.0,CLE,WR,9.0,0.0,0.0,0.0,0.0,0.0,0.0,0.0,0.0,0.0,0.0,1.0,0
MyCole Pruitt,32.0,PIT,TE,12.0,5.0,0.0,0.0,0.0,0.0,0.0,0.0,0.0,0.0,0.0,0.0,0
Kendric Pryor,26.0,CIN,WR,1.0,0.0,0.0,0.0,0.0,0.0,0.0,0.0,0.0,0.0,0.0,0.0,0
Dominick Puni,24.0,SFO,OL,17.0,17.0,0.0,0.0,0.0,0.0,0.0,0.0,0.0,0.0,0.0,0.0,0
Tip Reiman,23.0,ARI,TE,17.0,9.0,0.0,0.0,0.0,0.0,0.0,0.0,0.0,0.0,0.0,0.0,0
Nikko Remigio,25.0,KAN,WR,5.0,1.0,0.0,0.0,0.0,0.0,0.0,0.0,0.0,0.0,0.0,1.0,0
Josh Reynolds,29.0,2TM,WR,9.0,2.0,0.0,0.0,0.0,0.0,0.0,0.0,0.0,0.0,0.0,0.0,0
Josh Reynolds,29.0,DEN,WR,5.0,1.0,0.0,0.0,0.0,0.0,0.0,0.0,0.0,0.0,0.0,0.0,0
Josh Reynolds,29.0,JAX,WR,4.0,1.0,0.0,0.0,0.0,0.0,0.0,0.0,0.0,0.0,0.0,0.0,0
Patrick Ricard,30.0,BAL,FB,17.0,6.0,0.0,0.0,0.0,0.0,0.0,0.0,0.0,0.0,0.0,0.0,PB
Allen Robinson,31.0,DET,WR,12.0,0.0,0.0,0.0,0.0,0.0,0.0,0.0,0.0,0.0,0.0,0.0,0
Demarcus Robinson,30.0,LAR,WR,17.0,17.0,0.0,0.0,0.0,0.0,0.0,0.0,0.0,0.0,0.0,0.0,0
John Ross,29.0,PHI,WR,1.0,0.0,0.0,0.0,0.0,0.0,0.0,0.0,0.0,0.0,0.0,0.0,0
Justyn Ross,25.0,KAN,WR,2.0,0.0,0.0,0.0,0.0,0.0,0.0,0.0,0.0,0.0,0.0,0.0,0
Jeremy Ruckert,24.0,NYJ,TE,17.0,9.0,0.0,0.0,0.0,0.0,0.0,0.0,0.0,0.0,0.0,0.0,0
Ja'Tavion Sanders,21.0,CAR,TE,16.0,8.0,0.0,0.0,0.0,0.0,0.0,0.0,0.0,0.0,0.0,1.0,0
Eric Saubert,30.0,SFO,TE,17.0,3.0,0.0,0.0,0.0,0.0,0.0,0.0,0.0,0.0,0.0,1.0,0
Luke Schoonmaker,26.0,DAL,TE,17.0,6.0,0.0,0.0,0.0,0.0,0.0,0.0,0.0,0.0,0.0,0.0,0
Dalton Schultz,28.0,HOU,TE,17.0,13.0,0.0,0.0,0.0,0.0,0.0,0.0,0.0,0.0,0.0,0.0,0
Trenton Scott,30.0,WAS,T,17.0,1.0,0.0,0.0,0.0,0.0,0.0,0.0,0.0,0.0,0.0,0.0,0
Tyler Scott,23.0,CHI,WR,11.0,0.0,0.0,0.0,0.0,0.0,0.0,0.0,0.0,0.0,0.0,0.0,0
Tyrell Shavers,25.0,BUF,WR,3.0,0.0,0.0,0.0,0.0,0.0,0.0,0.0,0.0,0.0,0.0,0.0,0
John Samuel Shenker,26.0,LVR,TE,8.0,0.0,0.0,0.0,0.0,0.0,0.0,0.0,0.0,0.0,0.0,0.0,0
Trent Sherfield,28.0,MIN,WR,17.0,1.0,0.0,0.0,0.0,0.0,0.0,0.0,0.0,0.0,0.0,0.0,0
Ben Sims,24.0,GNB,TE,17.0,5.0,0.0,0.0,0.0,0.0,0.0,0.0,0.0,0.0,0.0,0.0,0
Ben Sinnott,22.0,WAS,TE,17.0,2.0,0.0,0.0,0.0,0.0,0.0,0.0,0.0,0.0,0.0,0.0,0
Dan Skipper,30.0,DET,T,17.0,5.0,0.0,0.0,0.0,0.0,0.0,0.0,0.0,0.0,0.0,0.0,0
Ben Skowronek,27.0,PIT,WR,10.0,1.0,0.0,0.0,0.0,0.0,0.0,0.0,0.0,0.0,0.0,0.0,0
Stone Smartt,26.0,LAC,TE,15.0,2.0,0.0,0.0,0.0,0.0,0.0,0.0,0.0,0.0,0.0,1.0,0
Tyler Smith,23.0,DAL,OL,16.0,16.0,0.0,0.0,0.0,0.0,0.0,0.0,0.0,0.0,0.0,0.0,PB
JuJu Smith-Schuster,28.0,KAN,WR,14.0,8.0,0.0,0.0,0.0,0.0,0.0,0.0,0.0,0.0,0.0,0.0,0
Durham Smythe,29.0,MIA,TE,17.0,4.0,0.0,0.0,0.0,0.0,0.0,0.0,0.0,0.0,0.0,0.0,0
Brevyn Spann-Ford,25.0,DAL,TE,17.0,0.0,0.0,0.0,0.0,0.0,0.0,0.0,0.0,0.0,0.0,0.0,0
Jack Stoll,26.0,PHI,TE,7.0,2.0,0.0,0.0,0.0,0.0,0.0,0.0,0.0,0.0,0.0,0.0,0
Cade Stover,24.0,HOU,TE,15.0,9.0,0.0,0.0,0.0,0.0,0.0,0.0,0.0,0.0,0.0,0.0,0
Brenton Strange,24.0,JAX,TE,17.0,10.0,0.0,0.0,0.0,0.0,0.0,0.0,0.0,0.0,0.0,1.0,0
Stephen Sullivan,28.0,CAR,TE,1.0,0.0,0.0,0.0,0.0,0.0,0.0,0.0,0.0,0.0,0.0,0.0,0
Courtland Sutton,29.0,DEN,WR,17.0,13.0,0.0,0.0,0.0,0.0,0.0,0.0,0.0,0.0,0.0,1.0,0
Geoff Swaim,31.0,CLE,TE,8.0,2.0,0.0,0.0,0.0,0.0,0.0,0.0,0.0,0.0,0.0,0.0,0
Trent Taylor,30.0,SFO,WR,2.0,0.0,0.0,0.0,0.0,0.0,0.0,0.0,0.0,0.0,0.0,0.0,0
Adam Thielen,34.0,CAR,WR,10.0,10.0,0.0,0.0,0.0,0.0,0.0,0.0,0.0,0.0,0.0,0.0,0
Ian Thomas,28.0,CAR,TE,5.0,2.0,0.0,0.0,0.0,0.0,0.0,0.0,0.0,0.0,0.0,0.0,0
Juanyeh Thomas,24.0,DAL,S,13.0,0.0,0.0,0.0,0.0,0.0,0.0,0.0,0.0,0.0,0.0,0.0,0
Tyquan Thornton,24.0,NWE,WR,6.0,1.0,0.0,0.0,0.0,0.0,0.0,0.0,0.0,0.0,0.0,0.0,0
Jamari Thrash,24.0,CLE,WR,9.0,0.0,0.0,0.0,0.0,0.0,0.0,0.0,0.0,0.0,0.0,0.0,0
Mason Tipton,24.0,NOR,WR,11.0,1.0,0.0,0.0,0.0,0.0,0.0,0.0,0.0,0.0,0.0,0.0,0
Jalen Tolbert,25.0,DAL,WR,17.0,15.0,0.0,0.0,0.0,0.0,0.0,0.0,0.0,0.0,0.0,0.0,0
Eric Tomlinson,32.0,LAC,TE,9.0,1.0,0.0,0.0,0.0,0.0,0.0,0.0,0.0,0.0,0.0,0.0,0
Austin Trammell,26.0,JAX,WR,1.0,0.0,0.0,0.0,0.0,0.0,0.0,0.0,0.0,0.0,0.0,1.0,0
Adam Trautman,27.0,DEN,TE,17.0,14.0,0.0,0.0,0.0,0.0,0.0,0.0,0.0,0.0,0.0,0.0,0
Brycen Tremayne,25.0,WAS,WR,2.0,0.0,0.0,0.0,0.0,0.0,0.0,0.0,0.0,0.0,0.0,0.0,0
Tommy Tremble,24.0,CAR,TE,12.0,11.0,0.0,0.0,0.0,0.0,0.0,0.0,0.0,0.0,0.0,1.0,0
Nick Vannett,31.0,TEN,TE,17.0,10.0,0.0,0.0,0.0,0.0,0.0,0.0,0.0,0.0,0.0,0.0,0
Ben VanSumeren,24.0,PHI,LB,11.0,1.0,0.0,0.0,0.0,0.0,0.0,0.0,0.0,0.0,0.0,0.0,0
Devaughn Vele,27.0,DEN,WR,13.0,7.0,0.0,0.0,0.0,0.0,0.0,0.0,0.0,0.0,0.0,0.0,0
Devontez Walker,23.0,BAL,WR,9.0,0.0,0.0,0.0,0.0,0.0,0.0,0.0,0.0,0.0,0.0,0.0,0
Tylan Wallace,25.0,BAL,WR,17.0,0.0,0.0,0.0,0.0,0.0,0.0,0.0,0.0,0.0,0.0,1.0,0
Casey Washington,23.0,ATL,WR,8.0,0.0,0.0,0.0,0.0,0.0,0.0,0.0,0.0,0.0,0.0,0.0,0
Darnell Washington,23.0,PIT,TE,17.0,9.0,0.0,0.0,0.0,0.0,0.0,0.0,0.0,0.0,0.0,0.0,0
Parker Washington,22.0,JAX,WR,17.0,7.0,0.0,0.0,0.0,0.0,0.0,0.0,0.0,0.0,0.0,2.0,0
Justin Watson,29.0,KAN,WR,17.0,7.0,0.0,0.0,0.0,0.0,0.0,0.0,0.0,0.0,0.0,0.0,0
Xavier Weaver,24.0,ARI,WR,2.0,0.0,0.0,0.0,0.0,0.0,0.0,0.0,0.0,0.0,0.0,0.0,0
Nick Westbrook-Ikhine,27.0,TEN,WR,17.0,9.0,0.0,0.0,0.0,0.0,0.0,0.0,0.0,0.0,0.0,0.0,0
Cody White,26.0,SEA,WR,4.0,0.0,0.0,0.0,0.0,0.0,0.0,0.0,0.0,0.0,0.0,0.0,0
Blake Whiteheart,24.0,CLE,TE,11.0,2.0,0.0,0.0,0.0,0.0,0.0,0.0,0.0,0.0,0.0,0.0,0
Josh Whyle,25.0,TEN,TE,17.0,4.0,0.0,0.0,0.0,0.0,0.0,0.0,0.0,0.0,0.0,0.0,0
Dontayvion Wicks,23.0,GNB,WR,17.0,5.0,0.0,0.0,0.0,0.0,0.0,0.0,0.0,0.0,0.0,0.0,0
Jared Wiley,24.0,KAN,TE,7.0,2.0,0.0,0.0,0.0,0.0,0.0,0.0,0.0,0.0,0.0,0.0,0
Kristian Wilkerson,27.0,LVR,WR,3.0,0.0,0.0,0.0,0.0,0.0,0.0,0.0,0.0,0.0,0.0,0.0,0
Isaiah Williams,23.0,DET,WR,2.0,0.0,0.0,0.0,0.0,0.0,0.0,0.0,0.0,0.0,0.0,0.0,0
Mike Williams,30.0,2TM,WR,18.0,5.0,0.0,0.0,0.0,0.0,0.0,0.0,0.0,0.0,0.0,0.0,0
Mike Williams,30.0,NYJ,WR,9.0,3.0,0.0,0.0,0.0,0.0,0.0,0.0,0.0,0.0,0.0,0.0,0
Mike Williams,30.0,PIT,WR,9.0,2.0,0.0,0.0,0.0,0.0,0.0,0.0,0.0,0.0,0.0,0.0,0
Brayden Willis,25.0,SFO,TE,10.0,0.0,0.0,0.0,0.0,0.0,0.0,0.0,0.0,0.0,0.0,0.0,0
Cedrick Wilson Jr.,29.0,NOR,WR,15.0,4.0,0.0,0.0,0.0,0.0,0.0,0.0,0.0,0.0,0.0,1.0,0
Johnny Wilson,23.0,PHI,WR,16.0,4.0,0.0,0.0,0.0,0.0,0.0,0.0,0.0,0.0,0.0,0.0,0
Tristan Wirfs,25.0,TAM,T,16.0,16.0,0.0,0.0,0.0,0.0,0.0,0.0,0.0,0.0,0.0,1.0,PB
Charlie Woerner,27.0,ATL,TE,16.0,5.0,0.0,0.0,0.0,0.0,0.0,0.0,0.0,0.0,0.0,0.0,0
Michael Woods II,24.0,CLE,WR,5.0,2.0,0.0,0.0,0.0,0.0,0.0,0.0,0.0,0.0,0.0,0.0,0
Robert Woods,32.0,HOU,WR,15.0,4.0,0.0,0.0,0.0,0.0,0.0,0.0,0.0,0.0,0.0,3.0,0
Brock Wright,26.0,DET,TE,17.0,8.0,0.0,0.0,0.0,0.0,0.0,0.0,0.0,0.0,0.0,0.0,0
Kenny Yeboah,26.0,NYJ,TE,9.0,1.0,0.0,0.0,0.0,0.0,0.0,0.0,0.0,0.0,0.0,0.0,0
Dareke Young,25.0,SEA,WR,14.0,0.0,0.0,0.0,0.0,0.0,0.0,0.0,0.0,0.0,0.0,0.0,0
Shane Zylstra,28.0,DET,TE,12.0,1.0,0.0,0.0,0.0,0.0,0.0,0.0,0.0,0.0,0.0,0.0,0
